Achievements Name,実績日本語名,国家タグ,難易度,DLC,達成条件,日本語Wiki補足説明,英語Wiki補足説明,英語Wikiリンク

Friend in Need,まさかの時の友,,Very Easy,Base,陣営に参加する,, 新疆としてプレイし、ソビエト連邦を右クリックし、「派閥への参加を要請」をクリックし、ポップアップで「送信」をクリックする。それだけです。,

Time is on our side,時間は我々の味方,,Very Easy,Base,1947年12月31日までプレイする,ローリング・ストーンズの曲,どの国でもクリア可能ですが、例えば離席したい場合は史実モードでハイチとしてプレイしてください。,

Canada First,カナダ第一,CAN,Very Easy,Base,カナダで、枢軸国に参加する,元ネタはAmerica First。本実績実装より後の話ではあるがドナルド・トランプにより有名となった。,"史実モードでは、単に「ドイツ合衆国」へ向かう焦点経路を進むだけでよい。

注：陣営は枢軸国である必要はないが、ドイツが主導している必要がある。",

We'll Build it in a Day,我らは一日で成す,,Very Easy,Base,建造Vの研究を完了させる,ローマは一日にして成らず。,研究速度（特に産業研究速度）のボーナスを可能な限り積み重ね、産業分野を急いで進めましょう。最終的に建設レベル5に到達します。,

Transport Tycoon,トランスポートタイクーン,,Very Easy,Base,輸送船を1000にする,元ネタは経営シミュレーションゲーム『トランスポートタイクーン』,アメリカ合衆国またはイギリスとして、すべての海軍造船所を輸送船の生産に切り替え、いかなる戦争にも関与しないこと。,

Destroyer of Worlds,世界の破壊者,,Easy,Base,核を落とす,おのれディケイド・・・ではなくロバート・オッペンハイマーの「我は死神なり、世界の破壊者なり」より。さらに元はインドの聖典「バガヴァッド・ギーター」より,この達成は、汎用フォーカスツリーにおける標準的な核研究ボーナス以上の恩恵を受けられる国家として取り組むのが理想的である。核兵器へのボーナスに加え、核兵器開発の先行ボーナスを獲得できる点を考慮すれば、ドイツを選択するのが最適である。,

Wunderwaffen,ヴンダーヴァッフェン,,Easy,Base,すべての核・ジェット・ロケット技術を研究する,ドイツ語で奇跡(脅威)の兵器。エヴァQのAAAヴンダーでお馴染み。なおアイコンはハウニブーという架空兵器,ポーランドの「ポーランドは宇宙に行けるよ」実績の攻略法に従い、追加技術を研究するだけです。,

United Netherlands,低地地方統一,HOL,Very Easy,Base,オランダで、ベルギー、ルクセンブルクを獲得する（占領のみではダメ、講和会議で獲得のみ）,"ウイーン会議後からベルギー独立までの短期間に存在した実在の国が元ネタ。
DLC無しではバージョンアップにより取得は容易ではなくなった。正当化で国際緊張度25パーセントを超えてくると英仏が独立保障をかけて邪魔してくるので、簡単ではない。
MtG有りで有れば、民主主義独自陣営ルートでNF取得していくだけで簡単に取得出来るようになっている。",,https://hoi4.paradoxwikis.com/United_Netherlands_(achievement)

Vive la France,ヴィヴ・ラ・フランス,FRA,Very Easy,Base,フランスで、他国に占領されずに1948年1月1日を迎える,"そのままフランス語で『フランス万歳』
ファシ化し枢軸国入りすれば簡単に達成できる
コルシカも対象に含まれるので要注意",顧問または国家焦点を通じてファシズムに転向し、枢軸国に加盟せよ。いかなる戦争にも参加せず、1948年まで放置状態を維持せよ。,

Master of War,マスター・オブ・ウォー,,Very Easy,Base,陸・海・空軍ドクトリンツリーを全て研究する,元ネタはボブ・ディランの曲「Masters of War」,単にイギリスとしてプレイし、植民地政策再検討の分岐を進めれば、占領地を全て傀儡政権として解放できる。,

Mine is bigger than yours,僕の方が大きいよ,,Very Easy,Base,19カ国を超える陣営の盟主となる,,,

No country for old men,ノーカントリー,,Very Easy,Base,徴兵法で「根こそぎ動員」を選び人的資源を0になるまで使い切る,元ネタは圧倒的な暴力描写が絶賛された、コーエン兄弟監督の映画作品『No Country for Old Men（日本語題名：ノーカントリー）』,史実モードでは、ルクセンブルクとして開始し、一切行動を起こさない。政治力を750以上貯める。ドイツが宣戦布告してきたら、必ず連合国側に加わる。師団を保有していないため、ドイツ軍はほぼ即座に降伏する。降伏後、徴兵法を「底を突く」に変更すれば、実績が解除される。,

Poland Can Into Space,ポーランドは宇宙に行けるよ,POL,Easy,Base,ポーランドで、全てのロケット・エンジンを研究する,元はポーランドボール定番ネタの「Poland Cannot Into Space」。EU4などにも同名の実績がある。,戦争を回避し研究に専念するため、領土を割譲せよ。たとえドイツやソビエト連邦に占領・征服されても、イギリスに亡命政府を置いた状態でゲームを継続でき、実績獲得の資格は維持される。連合国が存続している限り、研究を続けて実績を獲得できる。,

True Blitzkrieg,真の電撃戦,GER,Medium,Base,1940年1月1日までにポーランド、フランスを降伏させる,史実におけるポーランド降伏は1939年9月28日、フランス降伏は1940年6月22日,"両国は降伏させるか併合する必要がある。
いずれの国も傀儡国家にしてはならない。",https://hoi4.paradoxwikis.com/True_Blitzkrieg

Northern Light,北極光,DEN / FIN / NOR / SWE,Very Easy,Base,北欧諸国で陣営を作り、デンマーク、ノルウェー、スウェーデン、フィンランドを所属させる。,,史実モードではフィンランドとしてプレイせよ。世界緊張度が50%に達するのを待ち、国家目標「北方防衛戦線」を発動せよ。これにより派閥が結成され、他のスカンディナヴィア諸国が招致される。AI勢力は既に派閥に属していない場合、これに参加するはずだ。,

Nobody expects...,まさかの時の,SPR,Medium,Base,ファシスト・スペインでドイツの陣営に入りパリを占領する。,元ネタはイギリスのコメディグループ、「モンティ・パイソン」のスケッチ、「スペイン宗教裁判」。,国民戦線を統一する道を進み、内戦に勝利した後、枢軸国への参加を目指す。ドイツがベネルクスを攻撃したら戦争に参加し、ドイツがイル・ド・フランス（16）の支配権を譲渡するだけの十分な戦争スコアを獲得する。,

The bell tolls for us,我らが為に鐘は鳴る,SPR,Medium,Base,スペイン内戦を民主主義か共産主義の政権で勝利する,ヘミングウェイのスペイン内戦を舞台とした小説「誰がために鐘は鳴る」より,たとえ内戦が終結していなくても、共和派として内戦の他の派閥（アナキスト／ファシスト／カルリスト）のいずれかを降伏させれば、実績が解除される。,

The Revolution Triumphant,革命の凱旋,SOV,Medium,Base,"ソ連で、ドイツを傀儡化する
（東西ドイツはカウントしない。『ドイツ』タグでの傀儡化が必要） ",,歴史的なルートに従うか、あるいは直ちにポーランド、そしてドイツに宣戦布告する。 ,

Once More Mate,繰り返す片割れ,AST,Medium,Base,オーストラリアで、ガリポリ（イスタンブール）を占領する,ガリポリ上陸作戦（ダーダネルス戦役）から,トルコがボスポラス海峡を再軍備化する前に、艦隊を黒海へ移動させる必要がある。キプロスに拠点を置けば行動範囲を拡大できる。「労働者を強化せよ」ルートを進み、コミンテルン加盟を目指せ。トルコに対する戦争目標を正当化し、ソビエト連邦から攻撃を仕掛けよ。トルコはイスタンブールを防衛するが、エディルネは無防備となる。彼らを戦争に招き入れ、エディルネ（341）へ海上侵攻せよ。この実績は国家支配のみを要求するため、交戦中でも達成可能である。,

Forge of Victory,勝利の鉄工所,BEL,Very Easy,Base,ベルギーで、50以上の工場を持つ,, 海軍造船所は工場総数に算入される。ファシスト体制を採用し、オランダとルクセンブルクを征服すればよい。連合国と交戦状態になっても心配無用。単に枢軸国に加盟すればよい。ドイツが自国領土を経由してフランスに侵攻し降伏させた時点で、フランス全土を占領することになる。これにより必要な工場を確保できる。,

Sunset Invasion,サンセット・インベーション,MEX,Very Hard,Base,メキシコでヨーロッパの海岸を1州占領する。南アメリカ以外の同盟や傀儡は禁止。(枢軸とかはいると失敗する) ,同名のCK2DLCより。なお内容はハイパーアステカがヨーロッパに攻めてくるトンチキDLC ,国家を占領するだけでよい。ファシストに転向し、デンマークを正当化せよ。潜水艦を約10隻建造し、宣戦布告する。グリーンランドの港湾を占領した後、アイスランドに侵攻せよ。南米以外の国々と同盟を結んではならないことに留意せよ。,

Duce Nuked'em,ドゥーチェ・ニュークドム,ITA,Very Hard,Base,ファシスト・イタリアで、ロサンゼルスに核を落とす,FPSのDUKE NUKEM（デューク・ニューケム）より,地中海を確保した後、ジブラルタル（118）、アゾレス諸島（698）、バミューダ（696）を掌握すれば、1944年式の小型戦略爆撃機部隊（護衛なし）で容易に達成できる。,

Operation Sea Lion,アシカ作戦,GER,Medium,Base,ドイツで、グレートブリテン島を支配する。ちなみに北アイルランドは占領しなくても良い,元ネタは、史実で計画されたが実行されなかったドイツによるイギリス上陸作戦,「真の電撃戦」ガイドに従えば西ヨーロッパを掌握できる。この時点でヨークシャー（130）とノーサンバーランド（131）への侵攻は容易だろう。英国に関する情報を入手するか、海軍優勢を得るためイタリアを参戦させること。ブリテン諸島の防衛は脆弱であり、安定した港湾橋頭堡を確保すれば制圧は容易である。,

One Empire,一つの帝国,ENG,Medium,Base,イギリスで、世界中全ての国家を、支配下、傀儡国、同盟国のいずれかにする,,この達成には膨大な努力が必要だ。帝国が崩壊するのを防ぎ続けよ。早期にアメリカ合衆国を排除し、その領土をカナダに譲渡して北米自治領を形成せよ。その後、帝国連邦を形成すればアメリカも包含され、特に欧州連邦を形成して欧州を統合した後には、ゲーム内で可能な限り最大級のコア人口を獲得できる。主要国との戦争中は、プロセスを加速させるため可能な限り多くの小国を併合することを正当化せよ。「新世界秩序」と相性が良い。,

Party like it's 1520,1520年のような集まりを,DEN,Hard,Base,コミュニスト・デンマークで、ストックホルムを占領する,元ネタは、1520年にデンマーク王が当時デンマーク領だったスウェーデンの独立派に対し和解しようと言って、誘い出して粛清した「ストックホルムの血浴」という事件,,https://hoi4.paradoxwikis.com/Party_like_it%27s_1520

Med plutonium...,プルトニウムで,SWE,Medium,Base,スウェーデンで、デンマークの中核州に核を落とす,キングダムというデンマークのテレビドラマからのはず、デンマーク人嫌いのスティグ・ヘルマー(なお主役)がバーセベック原子力発電所(放送当時はまだ閉鎖していない)への歓呼(？)の一部から,核攻撃を受けた国家は、デンマークが所有し、かつデンマークの中核でなければならない。『Arms Against Tyranny』を選択した場合、デンマークは降伏する代わりにドイツの傀儡となる。あるいは、リムーザン（25）とグリーンランド（101）もデンマークの中核である。,

The Revenge of Montezuma,モンテスマの復讐,MEX,Hard,Base,"メキシコで、カリフォルニア・ネバダ・ユタ・アリゾナ・ニューメキシコ・テキサスを占領する
占領するだけでok ",元ネタはアタリ社のゲーム作品『Montezuma's Revenge』,急いでファシスト政権を樹立し、フィリピン侵攻を戦争目的として正当化して米国を巻き込む。多数の騎兵師団を訓練し、米国軍の防衛ラインに突破口を開いて包囲作戦を仕掛ける。米国軍は国境全域を十分にカバーできる師団数を確保できていないはずだ。,

Big Entente,大協商,FRA,Easy,Base,フランスで、小協商の国家方針を全て完了し（ポーランドへの独立保障まで）ドイツを小協商内で保有する。（もし政体変更とかされると同盟入らないので実質失敗）,小協商という第一次世界大戦後に成立されたチェコスロバキア、ユーゴスラビア、ルーマニアの同盟を掛けたシャレ,,https://hoi4.paradoxwikis.com/Big_Entente

New World Order,新世界秩序,,Medium,Base,全世界のイデオロギーをファシズムに染める,元ネタはナチスが構想した戦後の新秩序。,,https://hoi4.paradoxwikis.com/New_World_Order

Bearer of Artillery,大砲の持ち手,POL,Very Hard,Base,"国家方針のArtillery_modernisationを取得
中立主義
ソビエトと派閥を組まない(傀儡にするのもダメ)
イタリアと戦争中
Hamadanをコントロールしている(ポーランドかポーランドの同盟国が)
Latium,Abruzzo,Tuscanyのどれかにポーランド兵がいる 
MTTH30dでイベント発生で実績獲得",元ネタは熊のヴォイテク。,,https://hoi4.paradoxwikis.com/Bearer_of_Artillery

Braaaaains!,脳みそォォ！,CAN,Very Easy,TfV,カナダで、国家方針「ゾンビを送れ」を完了する。,元ネタはボーダーランズの脳みそクエスト,歴史的な焦点をプレイし、経済的焦点を急いで達成せよ。ドイツがポーランドに宣戦布告したら、戦争に参加し、国家方針「ゾンビを送れ」に急いで進め。,

District 9,第9地区,SAF,Very Easy,TfV,南アフリカで、トランスヴァールに9つの民需工場を持つ。,元ネタは南アフリカを舞台にした映画『第9地区』,トランスバールで軍事工場を民間工場に転換せよ。無料の民間工場を得るにはフォーカス技術ツリーを進めよ。これらはランダムでトランスバールに必要な工場を提供することがある。建設スロットが不足した場合は、分散型／集中型産業技術ツリーを進め、建設スロットを増やせ。,

Our Words Are Backed With Nuclear Weapons,我らの言葉の裏に核兵器あり,RAJ,Easy,TfV,インドで、国家精神「インドから去れ運動」を持った状態で核攻撃を実行する。,元ネタはターン制シミュレーションゲーム『Civlization』の核をぶっ放しまくるインド,「帝国の墓場」を無効化した状態で、インド独立運動へ向かい、核爆弾を開発・製造・配備せよ（制空権確保のため戦略爆撃機と戦闘機を確保することを忘れずに）。潜在的な標的には、トルコが連合国に加入した後のルーマニア、あるいは日本と連合した後のシャムが含まれる。,

Crusader Kings,クルセイダーキングス,SAF,Medium,TfV,南アフリカで、国家方針「我らに王を」を完了し、エルサレムを占領する。,中世を舞台にしたパラド開発のゲーム『Crusader Kings』,,https://hoi4.paradoxwikis.com/Crusader_Kings

Crusader Kings 2,クルセイダーキングス 2,SAF,Insane,TfV,南アフリカで、国家方針「反植民地主義十字軍」を完了した後、アンゴラ・ザイール・ケニヤ・モザンビーク・ボツワナ・ジンバブエをイベントを通して解放あるいは傀儡化、独自の陣営を作りグレーターロンドンを占領する。,"CKシリーズ実績第2段。
元ネタは上記の続編『Crusader Kings II』
hoi4実績の中でも最難関と言われており、英hoi4Wikiのachievementsページでも2022年9月現在最難関のInsaneとされている。",国々は占領地域画面から手動で解放するのではなく、イベントを通じて解放される必要がある。,https://hoi4.paradoxwikis.com/Crusader_Kings_2

Rule Britannia,ブリタニアを統べよ,AST / RAJ / CAN / NZL / SAF,Very Hard,TfV,イギリスの従属国で、グレートブリテン島と北アイルランドを占領する。,"元ネタはイギリス第二の国歌『ルール・ブリタニア』
本来の歌詞は「Rule,Britannia!(統べよ！ブリタニア)」だが、カンマ無しの「Rule Britannia」だとそのまま他動詞+目的語として訳し「ブリタニアを支配せよ」という真逆の意味（つまり実績内容と同義）になるという、悪い冗談である。
EU4にも同名のDLCがある。",,https://hoi4.paradoxwikis.com/Rule_Britannia

Cut The Strings,紐を切る,,Easy,TfV,初期の傀儡国で、宗主国から独立する。,"連合国陣営では該当するのはインドと英領マラヤ。他構成国は全て「自治領」であるので対象外。データ集/傀儡の自治システム参照。
他にはフィリピンや蘭印や蒙古国、満州国(要WTT)も該当。",満州国として、独立戦争へ向けた積極路線を突き進め。,

It's 1812 All Over Again,これぞ1812年のやり直し,CAN,Hard,TfV,カナダで、ワシントンD.C.を獲得する。,"元ネタは1812年戦争。
この戦争でイギリス軍にワシントンD.C.は占領され大統領府もろとも焼き討ちされた、この焼かれた議事堂が後にホワイトハウスとなる。",最初の焦点を「祖国愛クラブ」と「卍クラブ」に定める。陣営を切り替えたら「シンアルキスト・バハ」を支援し、メキシコを味方につけて東海岸のアメリカ合衆国を攻撃せよ。,

The weapons of the Third Emu War,第三次エミュー戦争の兵器,AST,Easy,TfV,オーストラリアで、オーストラリアの中核州において核爆弾を使う。,"オーストラリアはエミューの討伐をしようと大規模な軍事行動を二度行っている。
英語圏のネットでは「オーストラリアはエミューと戦争して敗北した」というのが定番のネタである。",戦闘機、戦略爆撃機、核兵器を開発・製造せよ。日本軍の進撃を待ち、彼らが一州を制圧したら、その州を核攻撃せよ。自軍の戦闘機を使用するか、連合軍の支援による制空権確保を待て。,

I Am the Tong Master,我こそトングの使い手,SAF,Easy,TfV,南アフリカで、イギリスから独立し、他の国家を傀儡化する。,南西アフリカが初期から非中核州としてあるので、共産化してから傀儡開放で簡単に達成できる。,ゲーム開始時にナミビアを傀儡として解放せよ。,

The Empire Strikes Back,帝国の逆襲,ENG,Easy,TfV,イギリスで、南アフリカ、カナダ、インド、オーストラリア、ニュージーランド、マレーシアのいずれかの国に宣戦布告する。,『スター・ウォーズ エピソード5/帝国の逆襲』（STAR WARS EPISODE V:THE EMPIRE STRIKES BACK）,「進路変更」分岐下の任意のサブ分岐を選択せよ。ドミニオン諸国はあなたとの同盟を破棄する。単にいずれかに対して宣戦布告すればよい。,

The Puppetmaster,パペットマスター,,Medium,TfV,51以上の従属国を持つ。,"に俺はなる！
ではなく、メタルバンドMetallicaの代表曲「Master of Puppets」が元ネタかと思われる。
Obay your masterという歌詞の意味が「神にひれ伏せ」から「クスリに屈服しろ」に変わる。
英国が起こしたアヘン戦争をひっかけているのでは、と思われる。",共産主義イギリスとしてプレイし、フランスに宣戦布告せよ。可能な限り多くの植民地を傀儡化せよ。その後、フォーカスツリーの「植民地政策の再検討」分岐を進め、多くの被支配民を解放せよ。,

Freegypt,フリージプト！,Egypt,Medium,TfV,イギリスもしくは他の国で、エジプトを解放させ、「解放された国としてプレイ」を選択した後に自治権システムを使って自主独立する。,自由とエジプトを引っ掛けただけ,イギリスとして開始し、エジプトを可能な限り強化せよ。軍事工場で完全に埋まったら、エジプトを傀儡国家として解放する（「プレイ対象」チェックボックスが表示されたら選択）。あらゆる手段で自治権を拡大せよ：貸与法（列車と護送船団が特に有効）、継続的集中、武官派遣。,

Miklos Horthy and the Habsburg Prince,ホルティ・ミクローシュとハプスブルクのプリンス,HUN,Very Hard,DoD,ハンガリーで、オーストリア＝ハンガリーを復興する。,アイコンを見ればすぐに分かるが元ネタは『ハリー・ポッターと謎のプリンス』である（Harry Potter and the Half-Blood Prince）,,https://hoi4.paradoxwikis.com/Miklos_Horthy_and_the_Habsburg_Prince

Better than the Szent Istv?n,セント・イシュトヴァーンより良い,HUN,Easy,DoD,ハンガリーで、ホルティ・ミクローシュを海軍司令官にし戦艦を建造する。,セント・イシュトヴァーンはオーストリア・ハンガリー帝国の弩級戦艦。設計・造船上の問題が祟り、小型水雷艇から発射された魚雷2発（1発とも）で転覆・沈没した。,『神々の黄昏』では、ホルティを顧問として獲得するには「摂政の終焉」を完了する必要があります。そうでない場合は、「ハプスブルク家の王子を招く」を完了する必要があります。その後、「1713年実利主義的勅令の復活」の下にあるいずれかのルートを進み、ユーゴスラビアまたはルーマニアに対する戦争目標を獲得できます。産業と軍隊を強化し、いずれか一方を征服した後、戦艦を開発・配備し、ホルティをその艦隊に配属してください。,

Death or Dishonor or Cake,死か屈辱かケーキか,ROM,Very Hard,DoD,カロル2世が政府首班のルーマニアで、「パーティはお開きの時間だ」「退位を強制」「王の手綱を握る」のいずれも取得していない状態でゲーム開始時に隣接しているすべての国家*2の中核州を最低1つずつ領有する。,カロル2世が国外逃避していた時に即位した息子ミハイ1世（5歳）は、家臣に王であることを告げられた時に「ほんとに？」と言い、本当だと言われるとチョコレートケーキをねだった。,,https://hoi4.paradoxwikis.com/Death_or_Dishonor_or_Cake

Neither Death nor Dishonor,死でも屈辱でもない,ROM,Hard,DoD,ルーマニアで、1942年以降からゲーム終了までに開始時に保持している州を一つも失わず、モスクワかベルリンを占領している。,,,https://hoi4.paradoxwikis.com/Neither_Death_nor_Dishonor

The Munich Disagreement,ミュンヘン不合意,CZE,Medium,DoD,チェコスロヴァキアで、ドイツとの戦争中にミュンヘンを占領する。,ミュンヘン合意の逆,,https://hoi4.paradoxwikis.com/The_Munich_Disagreement

Czechmate,チェッコメイト,CZE,Very Hard,DoD,チェコスロヴァキアで、連合国と戦争中にキャンベラ(オーストラリア首都)を占領する。,チェスの詰みであるチェックメイト（checkmate）を引っ掛けただけ,,https://hoi4.paradoxwikis.com/Czechmate

Huge-oslavia,ヒュージオスラビア,YUG,Very Hard,DoD,ユーゴスラビアで、全隣国（オーストリア、ハンガリー、ルーマニア、ブルガリア、アルバニア、イタリア、ギリシャ）の1936年時点で所有している全ての州を占領する。,そのまま「でかいスラブ」の意味。ユーゴスラビアが南スラブを意味することから。,この実績は州の支配のみを必要とするため、戦争中でも達成可能である。,https://hoi4.paradoxwikis.com/Huge-oslavia

The Balkan Powder Keg,バルカン火薬庫,YUG,Very Easy,DoD,ユーゴスラビアで、枢軸国か連合国に加入してる時に別陣営に宣戦する。,言わずと知れた「ヨーロッパの火薬庫」,,

En Svensk Tiger,エン・スヴェンスク・ティーゲル,SWE,Easy,DoD,スウェーデンで、ドイツからティーガー(1941重戦車)、もしくはティーガー II(1943重戦車)の生産ライセンスを貰う。,"スウェーデン語のtigerには「虎」と「黙る」の2つの意味があり、""En Svensk Tiger""は「スウェーデンの虎」と「スウェーデン人は喋らない」のダブルミーニングになっている。元ネタは第二次大戦中にスウェーデン政府が行った啓発活動のスローガンで、国情をナチスのスパイに漏らすのを防ぐために、虎のマスコットキャラを作っておしゃべりを慎むよう呼び掛けた。
DLCが入っているとドイツがモジュール等の研究に追われ該当重戦車を研究せず取れない場合がある その場合はDLCを全部外してみよう","最初の顧問にファシストの扇動者を選び、ファシスト体制へ移行せよ。可能な限り内戦を回避すること。枢軸国に加盟し、彼らの戦争を支援せよ。ドイツはタイガー戦車の研究完了まで生き延びねばならない――少なくとも1943年末まで。

注：バグのため、「No Step Back」を有効にした状態ではこの実績は取得不可。ドイツはどれだけ待っても「基本重戦車」を超える進歩を遂げないため。",

Lethal Straight,リーサル・ストレート,,Very Easy,DoD,7大国(外交画面での主要国)のうち5国からライセンスを貰う。,ポーカーの役ロイヤル・ストレート,"非同盟国としてプレイすることを推奨します。異なるイデオロギーによる外交ペナルティを回避し、「ライセンス生産を要請」オプションがブロックされるのを防ぐためです。七大国のうち五カ国との関係を改善した後、基本歩兵武器のライセンスを取得してください（次段階の歩兵装備の研究でも同様の効果があります。主要国であっても旧式装備のライセンス取得に問題が生じることは稀です）。
La R?sistanceを使用する場合、エージェントを派遣し、主要国への外交的圧力として活用することも可能です。",

Awake and Angry,覚醒と怒り,CHI,Hard,WtT,中華民国で、全中国と満州を再征服し、日本を降伏させる。,,注：この実績を達成するために、広州湾（728）、マカオ（729）、香港（326）を征服する必要はありません。したがって、連合国と一度も戦争をすることなく達成可能です。,https://hoi4.paradoxwikis.com/Awake_and_Angry

Romance of the Three Kingdoms,三国志,CHI,Easy,WtT,中華民国で、雲南・広西軍閥を傀儡化した後併合する。,"言わずもがな180年～280年頃の中国における魏・呉・蜀の三国時代が元ネタ
中華民国(魏)・広西軍閥(呉)・雲南(蜀)",非歴史モードでプレイし、日本が「皇道派を支援する」方針を選択するよう仕向ける。「諸侯を服従させる」を選択せよ。平和的に受け入れなければ、戦争目標を用いて武力による傀儡化を実施する。広西派旗と雲南派旗が傀儡化された後に表示される「諸侯を統合する」一連の決定を完了させる。あるいは、従来の手法で撃破（場合によっては「一つの中国政策」政策選択後）し、その後、彼らの領土に施設（国境沿いのレベル5砦や補給基地を含む）を建設したり、貸与法による物資を供給したりして自治権を低下させる。達成条件は、戦争で併合した後、傀儡として解放し、再び統合する（和平会議で「傀儡化」が選択できない場合）という方法でも達成可能。,

Sun Tzu Reborn,孫子の再誕,CHI / PRC / GXC / SHX / SIK / XSM / YUN,Hard,WtT,いずれかの中国国家で、レベル9の元帥を誕生させる。,孫子は兵法書『孫子』の著者,中華ソビエト共和国として、日中戦争を回避するため非歴史ルートでプレイ（日本が共産化するのが理想）。首都に9～12個師団を配置して防衛線を構築し、早期に中国に宣戦布告せよ。歩兵装備と砲兵のみを開発せよ（いずれ師団の組織力が枯渇して壊滅する可能性があるため、その前に予備師団を数個配備しておくこと）。AIの攻撃が止んだ場合は、師団を訓練させて攻撃を誘い出せ。元帥より先に将軍がレベル9に達した場合、その将軍を元帥に昇進させれば実績を獲得できる。,

The People Have Stood Up!,人民は立ち上がった！,PRC,Very Hard,WtT,中華人民共和国で、毛沢東を指導者にしたまま国共内戦に勝利する。,「中国人民站起来了（ジョングオ・レンミン・ジャンチライ・ラ）」は1949年に毛沢東が発した有名な建国宣言,,https://hoi4.paradoxwikis.com/The_People_Have_Stood_Up!

Made in China,メイド・イン・チャイナ,PRC,Medium,WtT,中華人民共和国で、100以上の軍需工場を持つ。,,"『民衆が立ち上がった！』のガイドに従い、領土内に軍事工場を数多く建設してください。
注：マップ外に建設した軍事工場はカウントされません。",

Tojo Shot First,東條が先に撃った,JAP,Easy,WtT,日本で、アメリカが核兵器を開発する前に、アメリカの中核州に核を撃ち込む。,"元ネタは映画『スター・ウォーズ』でハン・ソロがグリードを射殺するシーン
「ハンが先に撃った」というフレーズは、このシーンを巡る有名な論議を指すと同時に、議論の結論でもある。",サンライズ侵攻作戦に従え。核兵器を入手したら、アメリカを解放し、彼らと戦争を開始せよ。核を投下する州はアメリカが支配している必要がある。,

Sunrise Invasion,サンライズ・インベーション,JAP,Hard,WtT,日本で、1945年以前にメキシコを征服し、その後ヨーロッパを征服する。,メキシコの実績「サンセット・インベーション」の日出国版,,https://hoi4.paradoxwikis.com/Sunrise_Invasion

The Dragon Swallowed the Sun,日を飲む龍,MAN,Hard,WtT,満州国で、日本から独立し、陣営に所属していない状態で旧宗主国を征服する。,元ネタはチベットの独立運動を追ったアメリカのドキュメンタリー映画『When The Dragon Swallowed The Sun』,注：実績「ドラゴンが太陽を飲み込んだ」の国旗を獲得するには、派閥に所属せずに日本を併合する必要があります。「派閥に所属していない」という条件は、日本が併合された時点でチェックされます。したがって理論上、ゲーム中に派閥に加入することは自由ですが、日本を併合する前に脱退する必要があります。自陣営のメンバーに宣戦布告した場合、和平会議が終わるまで離脱できないことに注意してください。,https://hoi4.paradoxwikis.com/The_Dragon_Swallowed_the_Sun

Hail to the Qing,清朝万歳,MAN,Hard,WtT,満州国で、清朝を復古させる。,元ネタはアメリカのヘビメタバンド、アヴェンジド・セヴンフォールドのアルバム『Hail to the King（ヘイル・トゥ・ザ・キング）』,,https://hoi4.paradoxwikis.com/Hail_to_the_Qing

"The Good, the Bad and the Weird",グッド・バッド・ウィアード,MAN,Medium,WtT,満州国で、すべての州のインフラを最大にし、最低でも15の石油を産出する。,"元ネタは同名の韓国映画。満州を舞台とした韓国版西部劇。
さらにその元ネタは1966年の映画『The Good, the Bad and the Ugly（邦題：続・夕陽のガンマン）』である",必要なオイルは、掘削IVを研究し、資源探査の決定を両方とも実行すれば、ヒーリングキアン（714）だけで完全に生成できます。,

Battlecry,バトルクライ,GXC / SHX / SIK / XSM / YUN,Very Hard,WtT,軍閥で、全中国と日本を征服する。,"「battle cry」は日本語で喊声（かんせい）、勝鬨（かちどき）の意
元ネタは 1941年に発表された日中戦争の記録映画 ""Kukan（苦幹）, the battle cry of China""。前半部分は中華民国以外のさまざまな民族の抗日戦線への関わりが、後半部分は前年の重慶空爆の様子が記録されている。アカデミー名誉賞を受賞し、ルーズベルトがホワイトハウスで鑑賞した。",,https://hoi4.paradoxwikis.com/Battlecry

Panda-monium,パンダモニウム,GXC / SHX / SIK / XSM / YUN,Easy,WtT,軍閥で、すべての中国の国家と同時に戦争する。,パンデモニウムとパンダ（中国の意）のダジャレ。,新疆としてプレイし、コミンテルンに加入し、中国統一戦線が結成されたら軍閥への宣戦布告を正当化する。,https://hoi4.paradoxwikis.com/Panda-monium

Make a Man Out Of You,お前を漢にしてやる,GXC / SHX / SIK / XSM / YUN,Easy,WtT,軍閥で、少なくとも100万人の人的資源を配備可能な状態にする。,"元ネタは古代中国を舞台にしたディズニー映画「ムーラン」の曲（I""ll Make a Man Out Of You）より","広西派閥として開始し、訓練または軍事顧問の雇用により軍隊経験値を5まで上げる。幅1の師団を作成し、可能な限り急いで訓練する（募集タブで最優先に設定し、最初に銃器を入手させること）。最低訓練レベルに達したら即座に配備し、通常のテンプレートに切り替える。
注：訓練可能な兵力は戦場に配置済みの兵力の75%（最低100,000）までです。つまりこの実績を達成するには、戦場に最低1,333,334の兵力を配置しておく必要があります。",

Our Other Place in the Sun,新たな陽の当たる場所,GER,Medium,WtT,帝政ドイツで、カリブ海の島を征服する。,元ネタはドイツ帝国の外相ビューローの言葉で、植民地獲得競争に乗り出したドイツ帝国の世界政策を端的に現す単語として知られている。,ドイツは「皇帝の帰還」ルートに従う必要があります。オランダからキュラソー島を奪取しても、南アメリカの一部とみなされるため、この実績は達成されません。,https://hoi4.paradoxwikis.com/Our_Other_Place_in_the_Sun

Australia-Hungary,オーストラリア＝ハンガリー,AST,Easy,WtT,オーストラリアで、ハンガリーの中核州をすべて所有する。,オーストラリア（Australia）とオーストリア（Austria）を間違えるのは万国共通のジョーク。,,https://hoi4.paradoxwikis.com/Australia-Hungary

My Ships Don't Lie,お船は嘘つかない,COL,Medium,WtT,大コロンビアを形成し、主力艦を20隻保有する。,コロンビア人シンガーソングライターのシャキーラの代表曲「Hips Don't Lie（お尻は嘘つかない）」を掛けたジョーク,ボリバル連合の復興を決定する必要がある。,https://hoi4.paradoxwikis.com/My_Ships_Don%27t_Lie

I Swear I'm Not a Byzantophile,俺はビザンツ狂じゃない,GRE,Hard,WtT,ギリシャで、ビザンツ帝国を形成する。,,『Battle for the Bosporus』で導入されたギリシャ系フォーカスツリーにおいて、ビザンツの道筋を辿るのが最も容易である。イスタンブールはコンスタンティノープルであることを再認識せよ。,

Monarchy is Back in Fashion,ファッション君主制,GER,Easy,WtT,ドイツで、皇帝を帰国させ、ヴィルヘルムII世戴冠中にムッソリーニを暗殺してヴィットーリオ・エマヌエーレに支配させる。ヴィルヘルムIII世になるとダメ。,ファッショとファッションを掛けている,"「神々の黄昏」を無効化する必要があります。
「皇帝の帰還」と「真の敵に焦点を当てる」の道筋を、ヒトラー反対分岐で進み、「ムッソリーニ暗殺」の焦点に到達するまで続行してください（AIは常にムッソリーニ暗殺に同意します）。ヴィルヘルム2世が指導者であり、焦点達成前に死亡してはなりません。注：非歴史的なAIが介入なしにムッソリーニを追放しヴィットーリオ・エマヌエーレを国王に据える選択をした場合、ヴィルヘルム2世をドイツ帝国王位に就けるだけで実績を獲得可能です。",

Team America,チーム★アメリカ,USA,Easy,MtG,アメリカで、パリに核を落とす。,"元ネタは同名の映画。サウスパーク制作陣による風刺コメディ。
国際警察「チーム・アメリカ」の活躍により、パリに潜む邪悪なアラブ人テロリスト達はパリの街もろとも撲滅されたのであった。",民主国家として、戦略爆撃機と戦闘機を中心に大量の航空機を生産し、核技術を急いで開発せよ。ドイツ軍がパリを占領する。連合国側の場合、核技術が完成し核兵器1発が使用可能になったら、航空機をイギリス諸島の飛行場へ移動させ、北フランスへの出撃任務を設定せよ。制空権を確保し、準備が整い次第パリへ核攻撃を実行せよ。,

History Repeated Itself,歴史は繰り返す,USA,Medium,MtG,アメリカで、第2次南北戦争でアメリカ連合国に勝利する。,,完全な人種隔離撤廃法または労働組合代表法のいずれかを成立させると、南部連合との内戦が勃発する。合衆国が戦争に勝利するため、事前にWPA部門を完成させ、アメリカン・ドリームを保証せよ。,

Georgia On My Mind,我が心のジョージア,USA,Hard,MtG,"アメリカで、3つの""ジョージア""（ジョージア・グルジア・サウスジョージア）を占領する。","「我が心のジョージア」は、ジャズのスタンダード・ナンバーの一つである。アメリカ・ジョージア州の州歌にもなっている。
ビートルズの曲「バック・イン・ザ・U.S.S.R.」にも同じフレーズが登場するように、ジョージアとグルジアを引っ掛けたジョークは古くからある。
EU4にも同名かつ、ほぼ同内容の実績が存在している。",枢軸国との協力がこれを達成する最も簡単な手段である。枢軸国が連合国とコミンテルンを降伏させるのを支援し、サウスジョージア（720）とジョージア（231）を奪取せよ。サウスジョージア（720）は「モンロー主義の再確認」フォーカスでも獲得可能である。,

To Arms in Dixie!,ディキシー戦闘準備！,USA,Very Easy,MtG,アメリカで、アメリカ連合国（南部連合）として第2次南北戦争を始める。,"ディキシー（Dixie）はアメリカ合衆国南部諸州の通称。""To Arms in Dixie!""はアメリカ連合国の（非公式）国歌『ディキシーの国（Dixie's Land）』のバリエーションのうち、軍歌版のサビ。",アメリカ・ファーストを完了し、ファシスト顧問を雇う。準備が整い可能になったら、銀シャツ団との同盟を完了し、内戦へとつながるイベント連鎖を発動させる。最良の結果を得るには、ドイツ労働者同盟との協力を完了し、自由軍団を募集すること。,

Arsenal of Democracy,民主主義の兵器廠,USA,Easy,MtG,アメリカで、300より多い軍需工場を持つ。,元ネタはフランクリン・ルーズベルトの有名な演説より。,この実績を獲得する最も簡単な方法は、歴史モードでアメリカ合衆国を選択し、可能な限り多くの軍事工場を建設することです。フォーカスツリーの「民主主義の兵器庫」分岐では軍事工場を無料で提供するため、必ずこれを完了させ、さらに産業を強化するWPA分岐も達成してください。,

"Underpaid, Undersexed, and Under Eisenhower",ケチでインポなアイゼンハワーのしもべ,USA,Easy,MtG,アメリカで、連合国の盟主となり、イギリスから50個師団より多くの遠征軍を得る。,"戦時下の不景気なイギリスにおいて、ヒーロー気取りでイギリス人女性を侍らす陽気なアメリカ人は、イギリス人男性にとっては鼻につく存在であった。 イギリス人はアメリカ兵を「overpaid, overfed, oversexed and over here」、アメリカ兵はイギリス人を「underpaid, undersexed and under Eisenhower」とお互い貶しあったらしい。","歴史モードで連合国側としてプレイするだけです。イギリスよりも50％多い工場と戦力化済み兵力を必要としますが、数年かけて増強すれば問題ないでしょう。陣営リーダーになったら、侵攻命令を作成し、軍隊の下にあるボタンを押して51個遠征軍を要請し、実績を獲得してください。
注：英国は自軍が約160個師団を保有している場合、必要な51個師団の派遣を承諾します。自軍の部隊を遠征軍として派遣し、英国側の師団数をその数値以上に増やすことが可能です。",

Last for a Thousand Years,千年間にもわたり,ENG,Medium,MtG,イギリスで、完全な大英帝国の連邦化を達成する。（NF帝国連邦）,"チャーチルの1940年6月18日の演説「だからこそ我らの責務に身を引き締め、大英帝国と英連邦が千年続いたのちにもなお『このころが一番よかった』と言われるように振舞おうではないか（Let us therefore brace ourselves to our duty, and so bear ourselves that if the British Empire and its Commonwealth last for a thousand years, men will still say, ""This was their finest hour"".）」より。パリ陥落の5日後。",あらゆるイデオロギーで実行可能。帝国会議開催前に、関係改善を図り、数百の政治力を蓄えておくこと。開始前に300～400の政治力を蓄えておくと良いが、時間と労力を割けるなら600～700程度あれば成功が確実となる。,

Britzkrieg,イギリス電撃戦,ENG,Easy,MtG,イギリスで、エドワード8世を元首にドイツと同盟し、パリを完全に支配する。,ドイツの電撃戦（ブリッツクリーク：Blitzkrieg）にイギリス（British）を掛けたシャレ,フォーカスツリーに従ってドイツと同盟を結ぶ。フランスに対して正当化を行い、ノルマンディーへの海上侵攻を開始する。ドイツを戦争に呼び込む必要はない。フランスが傀儡国家となった場合、実績は発生しない。確実にすべてのコア、領土、植民地を併合すること。,

Nothing Wrong with our Bloody Ships,血塗られた我が艦隊に異常なし,ENG,Very Easy,MtG,イギリスで、9隻の巡洋戦艦を保有する。,"元ネタはイギリス海軍の巡洋戦艦艦隊を率いたデイヴィッド・ビーティー提督のユトランド沖海戦での言葉。
「血塗られた我が艦隊に今日は少し問題があるようだ（there seems to be something wrong with our bloody ships today）」
ユトランド沖海戦では2隻を失いながらも決定的勝利を手にし、その後、海軍元帥となった。",戦艦は「重艦船船体」と「戦艦装甲」で建造されます。可能な限り安価な戦艦を建造し、全ドックを割り当てて同時に6隻建造してください（イギリスは初期状態で3隻）。建造速度を上げるため、追加でドックを増設しましょう。,

William Wallis,ウィリアム・ウォリス,ENG,Medium,MtG,イギリスで、エドワード8世を元首とし、アメリカに君主制を強制し、スコットランドも支配する。,"スコットランドの英雄、ウイリアム・ウォレス（William Wallace）の捩り。
ウォリスはエドワード8世の情婦、後に夫人。エドワードは王位よりウォリスを選び、退位した。",,https://hoi4.paradoxwikis.com/William_Wallis

Crush the Dream,夢を打ち砕け,ENG,Medium,MtG,コミュニスト・イギリスで、アメリカを従属国とする。,夢とはアメリカンドリームを意味する。アメリカンドリーム、即ち、勤勉と努力によって勝者になるという資本主義的な幸福追求の権利を、共産主義によって根底から打ち砕くことを意味する。,,https://hoi4.paradoxwikis.com/Crush_the_Dream

Treading the Narrow Path,狭い道を歩む,HOL,Hard,MtG,オランダで、ドイツに降伏せず、ゾイデル海の事業を継続し、ヨーロッパ大陸の州を一つも喪失せずに1945年を迎える。,注：州の支配権を失うとは、その州の勝利ポイントの過半数を失うことを意味します。達成条件を満たしたまま、少数の州を失うことは可能です。,,https://hoi4.paradoxwikis.com/Treading_the_Narrow_Path

Putting the Raid on the Medway to Shame,メドウェイ川襲撃なんて目じゃない,HOL,Hard,MtG,オランダで、イギリスの主力艦（空母・戦艦・巡洋戦艦・重巡洋艦）を0にする。,メドウェイ川襲撃は、1667年に第二次英蘭戦争でオランダがイギリスに勝利した戦い。,おそらく、すべての主力艦を追い詰めるよりも、イギリスを完全に併合する方が簡単だろう。これは実績解除の条件にもカウントされるからだ。,

Bevrijding,べヴレイディンフ,HOL,Easy,MtG,オランダで、政府を東インド諸島に移した後、再びオランダを解放する。,オランダ語で「解放」の意であるが、ドイツの占領からのベネルクス3国の解放を指す固有名詞として広く使われる。,"歴史モードでオランダとしてプレイし、「バタビアで戦争を継続」の分岐を進めましょう。ヨーロッパ領の防衛は意味がありません（「バタビアで戦争を継続」には降伏が条件となるため）、アジアの領土を強化してください。ドイツが敗北すると本国支配権が回復し、「解放」を達成して実績を獲得できます。
注：達成には「大戦の戦慄に震える傍観者」の精神状態を解除しておく必要があるため、「平和主義への戦争」をできるだけ早く完了させておいてください。",

Mi Casa es tu Casa,くつろいでって！,MEX,Easy,MtG,メキシコで、どこかの国の亡命政府を受け入れる。,直訳すると「私の家はあなたの家」、気軽にくつろいでくださいというスペイン語のフレーズ。,"亡命政府を受け入れるには、「亡命政府の受け入れを許可する」というルールを持つ派閥の指導者である必要があります。メキシコが作成できるヒスパニック同盟とボリバル同盟の両派閥は、ヒスパニック諸国のみが参加を許可されます。歴史的にヒスパニック諸国が降伏することはないため、このルールを解除するにはイニシアチブポイントを獲得するか、あるいは現実政治を選択して独自の派閥を作成する必要があります。亡命政府受け入れを許可するルールを追加することを忘れないでください。

現実政治へ移行し、「自由の砦」派閥を創設します。最初のイニシアチブポイントを使い、自派閥が亡命政府を受け入れることを許可する。フィンランドを保証する。冬戦争が始まるのを待ち、参戦要請を受け入れる。関係を改善し、フィンランドにアタッシェを派遣する。距離があるにもかかわらず、十分な関係があれば彼らを自派閥に招待できるはずだ。迅速に招待することが重要である。なぜなら、派閥に属していない場合、彼らはソ連と白和平を結ぶからだ。彼らが降伏すると、実績を獲得できる。",

The New Home of the Revolution,革命の新居,MEX,Hard,MtG,メキシコで、トロツキーを国家指導者とし、ソビエト連邦を傀儡にする。,「トロツキーの亡命」イベントでトロツキーを招待する選択をする。フォーカスツリーの最右側を進み、共産主義者となりトロツキーを指導者に据える。「官僚打倒」フォーカス経由でソビエト連邦に対するドイツの戦争に参加する。戦功を獲得するには、ドイツに軍事アクセスを要請し、自軍をドイツの前線に配置する。あるいは、ソビエト極東戦線への海上侵攻を試み、勝利ポイント州を数箇所占領する。平和会議ではソビエト連邦を傀儡化する。,,

Assuming Direct Control,僭主国支配,,Medium,MtG,中小国（7大国＋中華民国以外の国家）で、連合国・枢軸国・コミンテルンいずれかの盟主になる。 ,ルーマニアとしてプレイし、バルカン支配ルートを進む。軍隊と産業に注力し、ハンガリーとブルガリアを制圧することで、可能な限り国力を高める。枢軸国に加盟するが、彼らの戦争には決して参加しない。彼らが敗北した時、あなたが指導者となり、実績を獲得する。,,

Vive la Jeune Ecole,ジューヌ・エコール万歳,FRA,Easy,MtG,フランスで、1945年になる前に、駆逐艦150隻と現代的魚雷発射管技術を手に入れる。,"ジューヌ・エコールは、19世紀フランス海軍で提唱された戦略構想。
大艦巨砲主義の対極に位置し、小型艦艇で戦艦に対抗するというもの。なお結果は",国家再生の道を進みファシスト化せよ。枢軸国に加盟するが戦争には参加せず、研究を現代艦艇魚雷発射管　現代艦艇魚雷発射管へ急ぐ。可能な限り多くの海軍造船所を建設すること。研究・建造速度・造船所生産量を向上させるフォーカスを選択せよ。利用可能な全造船所を駆逐艦生産に割り当てる。,

30 Minutes of Hel,地獄の30分間,POL,Insane,MtG,1939年シナリオのポーランドで始め、ドイツに1.80Mの死傷者を負わせる。,パラドックス社の公式イベントである、PDXCON2018のHoI4チャレンジで挑戦者が30分で出した記録、なおそれより早く出来たら更に自慢していい模様。,,https://hoi4.paradoxwikis.com/30_Minutes_of_Hel

Pride and Extreme Prejudice,高慢と偏見,,Medium,MtG,イギリス以外の国家で、イギリスの海軍の誇りを撃沈する。,"『高慢と偏見（Pride and Prejudice）』はイギリスの長編小説。
""Extreme Prejudice""の元になった""Terminate with extreme prejudice""は米陸軍特殊部隊の隠語。司法用語の「（懲戒解雇ではない、会社都合の）予断なき解雇（Terminate without prejudice）」の逆で「極めて予断に満ちた解雇」、すなわち「お前が悪いから処刑する」という意味。ベトナム戦争中にとあるベトナム人協力者の二重スパイが発覚した際、裁判はおろか軍法会議でも死刑にできないため、この言葉による指令で暗殺処分が下された。この組織的な私刑殺人が戦後に「グリーンベレー事件」として問題化して隠語も公となり、映画『地獄の黙示録』で使われて有名になった。
両者を合わせた""Pride and Extreme Prejudice""は、イギリスで放映されたテレビ映画のタイトル。フレデリック・フォーサイス原作のスパイ・スリラー。",日本同様に迅速に実行可能である。日本艦隊は適切に運用されれば、HMSフッドのみならず英国海軍全体を即座に撃沈できる。可能な限り早期に「皇道派粛清」を選択し、英国（または英領マラヤ）旗を掲げて正当化せよ。ドイツにドッキング権を要請し、全艦隊を英国最寄りのドイツ港へ移動させる。主力艦隊を攻撃部隊とし、3つの駆逐艦グループで英国周辺海域を警戒させる。可能であれば、追加火力として海軍爆撃機も投入せよ。正当化が完了したら、ドイツに宣戦布告する。ドイツから枢軸国への参加を要請された場合は、その飛行場を利用するため承諾すべきだ。その後は、艦隊がフッドを撃沈し実績を解除するまで、英国軍を撃破し続け、新艦艇と爆撃機を建造し続けよ（必要なら燃料用石油を輸入せよ）。,

Do You Mined?,機雷はお嫌い？,,Very Easy,MtG,いずれかの国で、敵国の沿岸に999個の機雷を敷設する。,mine（機雷）と掛けている。,イタリアとして、エリトリア（550）またはソマリランド（559）から部隊を撤退させよ（効率最大化のため港湾は保持）。初期海軍でエチオピア沿岸に機雷を敷設し、1000個に達するまで継続せよ。ただし、全領土を失った場合、エチオピアとは白紙和平を結ぶことになる。,

BFFs,ズッ友だょ。,POR,Very Easy,LaR,ポルトガルで、イギリスと同じ陣営に入る。,海外で使われる「best friends forever」の略,民主主義を選択し、世界の緊張が高まるのを待つだけだ。ラ・レジスタンスが有効化されれば、連合国への参加も急ぐことができる。,

"Go Ahead, Macau My Day",やれよ、楽しマカオ,POR,Very Hard,LaR,ポルトガルで、マカオに協力政府を樹立し、中国のすべてのステートを保有させる。,"ダーティハリー4の名台詞の一つ「Go ahead, Make my day」(さあ撃てよ、望むところだorさあ、やれよ、できるもんならな)のもじり。",注：この実績は、香港（326）と広州湾（728）を和平協定で占領する必要がある。,"https://hoi4.paradoxwikis.com/Go_Ahead,_Macau_My_Day"

"Play It, Sam",サム、あれを弾いて。,,Very Easy,LaR,カサブランカに50%以上の諜報網を持つ。,"1942年製作のアメリカ映画「カサブランカ」のセリフで「アメリカ映画の名セリフベスト100」にも選ばれた「Play it, Sam. Play ""As Time Goes By"".」が元ネタ。",ゲーム開始時、機関を設立し、工作員をカサブランカ（461）で「スパイネットワーク構築」任務に配置する。ネットワーク強度が50%を超えると実績が解除される。最初の工作員を募集次第実行可能だが、同一地域でのネットワーク構築に割り当てる工作員が多いほど、ネットワークが最大強度に達する速度は速くなる。,

Spies Trade,諜報員貿易,RAJ,Very Easy,LaR,インドで、連合国の諜報活動主導国（spymaster）になる,インドの特産品Spices(香辛料)とSpy(スパイ)を掛けたものだと思われる,ドミニオンへの自立度を高めよ。同時に諜報機関を創設し、任意のアップグレードで3回強化せよ。ドミニオンとなった時点で、ウィンドウ上部の機関名とアイコン横に「諜報長官になる」オプションが表示される。AIは常に承諾する。,

Why Die For Danzig?,なぜダンツィヒのために死ななければならないのか,GER,Medium,LaR,ドイツで、フランスと戦争をすることなくフランスをファシスト化させダンツィヒを支配する。,同名のロード中名言にもあるフランスの反戦スローガン「なぜダンツィヒのために死ななければならないのか」。,"ゲーム開始時からフランスでファシズムを強化し、その後スロバキアのダンツィヒ占領を達成すれば、フランス国旗フランスと交戦せずにダンツィヒ(85)を支配できる。ダンツィヒ(85)獲得時点でフランスが転向していない場合、フランスでファシストクーデターを開始せよ。クーデターが発動した瞬間に実績が解除される。
注記: ドイツがフランスに宣戦布告すると「invalid_for_danzig_achievement」フラグが発動します。ただし、イタリアが宣戦し参戦要請してきた場合など、第三国として参戦する手段は残されています。",

I SEE EVERYTHING,まるっとお見通しだ！,多分 ,Very Easy,LaR,暗号解読を使わずにひとつの大国に対してすべてのカテゴリーで90%を超える機密情報を得る。,"海外のインターネットミームの一つ。
日本だと、ふたばのバックベアード様みたいな感じだろうか。（ただ原義と離れすぎるので訳語には採用しない）",実績が解除されるためには、復号が完了または破られてはいけません。ただし、プレイヤーがそれを選択し30日間待機すれば、実績は解除されます。,

"Shaken, Not Stirred",マティーニを。ステアせずシェイクして。,,Very Easy,LaR,誘惑者（Seducer）の特性を持つスパイを使っていずれかの国家でクーデターを成功させる。,007ジェームズ・ボンドのマティーニカクテルの好みの発言。,非同盟国として開始し、誘惑者特性のスパイを獲得する。東インド（オランダ領東インド）が最も容易な標的である。開始時点で非同盟国からの人気が高く、スパイ機関を構築するのは後になるためだ。,

"Listen Very Carefully, I Shall Say This...",よく聞きなさい、1度しか言わないわよ。,,Very Easy,LaR,フランス人スパイとイギリス人スパイをひとつの作戦に従事させる。,"イギリスドラマ 「'Allo 'Allo!」に登場するフランス人レジスタンス活動家ミシェル・デュボワのセリフが元ネタ。
主人公レネとの初対面時、名を名乗ってから上記のセリフを言ったが聞き返されてしまう。
タイトルにも表れているが、登場人物が母語訛りの激しい英語を話すため意思疎通がとれないところもこのドラマの面白さのひとつ。",操作完了時にチェックが行われる。参加する工作員のうち少なくとも1名はフランス国籍を必要とし、少なくとも1名は英国国籍を必要とする。,

"Man of a Thousand Faces, Every One the Same",千の同じ顔を持つ男,,Very Easy,LaR,同じスパイが2回拘束される（したがって救助に成功する必要がある）。,"元ネタは枢軸国占領下のフランスを舞台としたイギリスの連続テレビドラマ 「'Allo 'Allo!」に出てくるレジスタンス活動家のムッシュー・ロジェ・ルクレール。自称、変装の達人。
彼の初登場は、シーズン1の初回、刑務所から抜け出す話だった。ところが、シリーズの途中で演じる俳優が亡くなったため、再び刑務所に戻ったという設定にされ以降登場しない。つまり、彼は2回拘束されたということになる。",ソビエト連邦は工作員の捕獲確率が最も高いため、工作員スロットを増設し全員をソビエト連邦へ派遣せよ。工作員が捕獲されたら救出し、再びソビエト連邦へ送還する。再度捕獲された時点で実績が解除される。,

Turing Complete!,チューリング完全,ENG,Very Easy,LaR,枢軸国の全国家に対して完全に暗号解読する。,"計算理論や情報工学において、ある計算のメカニズムが万能チューリングマシンと同じ計算能力をもつとき、その計算モデルは""チューリング完全""（チューリングかんぜん、Turing-complete）あるいは計算完備であるという。
上記のチューリングマシン理論の提唱者にしてエニグマ暗号の解読で著名なイギリスの学者アラン・チューリングが元ネタ。Hoi4でもイギリス政治顧問の「偉大な暗号解読者」として登場している。
身近な例だと、現代の一般的なプログラミング言語はチューリング完全である。ポケモン赤はチューリング完全ではないが、ポケモン黄はバグを利用するとプログラムを自由に書き換えることができるためチューリング完全と言える。",ゲーム開始時に諜報機関を作成し、暗号解読技術を全て解放してください。解読が必要なのはドイツのみです。彼らは枢軸国唯一の加盟国だからです。,

"One King, Two Crowns",1人の王、2つの王冠,SPR,Very Hard,LaR,ブルボン朝スペインで、スペインとフランスのすべての中核州を保有する。,"1つのxxx、2つのxxxという言い回しは多い。
一国二制度（現代中国と香港）、1つの国家、2つの言語、3つの宗教...7つの国境（ユーゴスラビア）など。
ブルボン家は元々フランス王家であったがスペイン継承戦争の結果スペイン王家にもブルボン家（スペイン・ブルボン家）が就くことになった。",,"https://hoi4.paradoxwikis.com/One_King,_Two_Crowns"

We Will Rock You,ウィ・ウィル・ロック・ユー,SPR,Medium,LaR,スペインで、ジブラルタルを保有する。,世界的に人気で、日本でも有名なイギリスのロックバンド、クイーンの同名の楽曲。なお、ジブラルタルにはThe Rockと呼ばれる大きな石灰岩が存在するため、こちらのRockと曲のRockをかけたものだと思われる。,歴史AIを無効化してください。イギリスが「植民地政策の再検討」分岐を選択した場合、その焦点ツリーに含まれる「係争地域からの撤退」焦点により、ジブラルタル（118）がスペインに無償で譲渡され、スペインのコア州となる可能性があります。内戦中にこの状況が発生した場合、ジブラルタル（118）はプレイヤーのスペインには譲渡されませんが、内戦勝利後に移管されます。,

"Well, I Didn’t Vote for You",えっ、投票してないのに？,SPR,Medium,LaR,無政府主義者でスペイン内戦に勝利する。,"元ネタは1975年にモンティ・パイソンによって制作されたアーサー王伝説のパロディ映画、「モンティ・パイソン・アンド・ホーリー・グレイル」
我こそがブリトン人の王であると主張するアーサー王に向かって、やたら知的で民主主義的なブリトン農民がアーサー王に向かって放った言葉。","アナキスト・スペインは「我らの運命の支配者」の焦点か「政府弾圧」イベントから成立する。

ゲーム開始時はバレンシアに軍事工場を建設することに注力せよ。アナキスト蜂起が発生した時点でバレンシアを支配していれば、その支配権を獲得できる。カルリスト反乱で国民軍が弱体化しているとより容易です。これは北部州（アストゥリアスとバスク地方）を可能な限り長く支配下に置くことで達成できます。非歴史的なシナリオでは、単に反乱発生を防ぐためのフォーカス選択順序を誤る場合もあります。",

Our Chief Weapon is Surprise...,我らの武器は、突然の登場！ ,SPR,Medium,LaR,スペインで、5人以上のスパイを持ち、他国に対して5回クーデターを行う。,こちらもモンティ・パイソンのスケッチ「スペイン宗教裁判」が元ネタ。「our chief weapon is surprise...（我らの武器は唐突）」から言い直すたびに武器が増えていき、最終的に「恐怖、唐突、脅迫、教皇への狂信、赤い服」の5つになる。,十分なスパイ枠を確保するため、多数のメンバーを抱える主要な派閥に参加しましょう。派閥間の戦争には参加せず、全ての国との交易を継続できるようにしてください。スパイ活動に集中することで、スパイネットワークをより迅速に構築し、クーデターをより頻繁に実行できるようになります。,

"Die, Perfidious Albion!",パーフィディアス・アルビオン,FRA,Hard,LaR,ファシスト・フランスかヴィシーフランスで、イギリス全土を占領する。,"パーフィディアスはラテン語で不信仰・不誠実の意。アルビオンはイギリスの古称。
三枚舌外交に対する批判の意を込めた、イギリスへの軽蔑的な呼称である。
現代日本語的に言うと「このブリカスめ！」といった感じだろうか。",ファシストの焦点を急いで進めよ。連盟利用を獲得すると、ファシストおよび非同盟国への支持率向上決定が利用可能となる。ファシスト扇動家を雇い、「連盟結集」決定を連発せよ。「ラ・カグールの解放」決定は決して選択するな。ファシストと非同盟国の支持率合計が50%に達したら、ファシストの焦点を継続して進めよ。内戦発生の確率を排除するため、政治統一の重点を可能な限り早期に取得せよ。その後、スエズ運河への拡大を急ぐ。直ちに英国に宣戦布告し併合せよ。初期軍は英国を容易に殲滅できる戦力を有している。,

Second Time’s the Charm,二度目の正直,FRA,Easy,LaR,フランスで、ナポレオン6世が国家元首のときにモスクワを占領する。,"海外版「三度目の正直」を意味する""third time's the charm""の捩り。1812年ロシア戦役でナポレオンらがモスクワに侵攻し、敗北、退却したのが元ネタか。",第三帝国宣言の目標を急いで達成し、ナポレオン6世を獲得せよ。ドイツがポーランドに宣戦布告するまで待機し、その後イギリスに宣戦布告する。ドイツ陣営への参加要請を受け入れる。初期の陸軍と海軍でイギリスを撃破可能だ。和平会議で併合せよ。ソ連がフィンランドへの戦争目的を正当化し始めたら、フィンランドを保証せよ。戦いの呼びかけを受け入れ、残る枢軸国を招集せよ。これによりソビエト連邦が「大祖国戦争」バフを得られなくなるため、戦況は有利になる。十分な戦功を獲得後、同盟国にモスクワ（219）の支配権を要求せよ。,

Don’t Die for Your Country,国のために死ぬな,,Insane,LaR,1939年のドイツで、475人より多くの被害を出さずにポーランドとフランスの全土を占領する。空挺部隊の使用は許されない。,"PDXCON2019のチャレンジより。なお開発者日記の質疑応答でQ「(こんな普通にやれば不可能な条件を実績にするなんて、よっぽどの神プレイかAIが弱すぎるかの両極端なことになってるわけだから)これゲームの大きな欠点だよね?」A「同意する、だから今後修正されるかもしれない。」とのこと
元ネタはパットン将軍の言葉「The object of war is not to die for your country but to make the other bastard die for his.(戦争の目的は、国のために死ぬことではなく、他のろくでなしを死なせることだ。)」 
ただ、平時の状態であれば、なんと犠牲者が0という判定になるため、普通に連合を倒し、フランスとポーランドを併合し、M&R協定でソ連に明け渡した土地を取り返して講和すれば、実績が解除できてしまう!!
当然意図していない設定であり、ちゃんと真正面からクリアすることが可能。 ",注：パラシュート降下部隊は国旗「has_paradropped_flag」を設定し、これによりこの実績が解除されなくなります。,"Note: Paradropping troops sets country flag ""has_paradropped_flag"" which prevents this achievement. "

"Warszawo, Walcz!",ワルシャワは戦う！,,Easy,LaR,ワルシャワ蜂起を行い、成功させる。,"「Warszawo, walcz!」はワルシャワ蜂起の際に使われたポーランド語の標語。",ソビエト連邦としてゲームを開始し、ポーランドへの宣戦布告を正当化して発動し、トゥヴァ・タンヌ・トゥヴァを戦争に招き入れる。ポーランドを降伏させた後、全てのポーランド州を彼らに与える。彼らを自陣営から追放し、彼らに対する戦争目標を正当化する。宣戦布告するが、降伏させないこと。彼らは抵抗を適切に鎮圧する手段を持たないため、ポーランド国内の抵抗が90に達するまで待機すればよい。,

Tour de France,ツール・ド・フランス,,Easy,LaR,"完全充足の自転車連隊（注：大隊？）20個以上を保有した状態で、フランス全土を占領する。
実際はスクリプト(プログラム)の記述ミスで22個大隊必要。 ",毎年7月にフランスおよび周辺国を舞台にして行われる同名の自転車ロードレースがある。日本語のカタカナ表記ではツール・ド・フランスで御馴染か。,注：フランス本土にはコルシカ島（1）が含まれます。,https://hoi4.paradoxwikis.com/Tour_de_France

You Will Never Kill Me Alive,殺されるもんですか,,Very Easy,LaR,スパイの一人に自殺ピルを飲ませる。,"英語の常套句である""You'll never take me alive.""の捩りか。
原文の表現を若干直訳気味に言うと「私を生きたまま捕まえることは出来ない」、転じて「私を捕まえたいなら、殺すしかないよ」の意。
自殺すれば殺せない。至極当然の話ではある。",諜報機関を設立し、必ず「自殺用薬丸」のアップグレードを入手すること。工作員を任務に送り続け、あるいは単に他国（できればソビエト連邦）で「情報ネットワーク構築」などの様々な活動を行わせる。やがて工作員の一人が死亡し、実績が解除される。,

Finnish Him!,ぎゃフィンと言わせてやる,FIN,Hard,BftB,フィンランドで、陣営に入らずソ連を打ち負かす。そしてモスクワを占領しながら15%の戦争協力度を得る事。,"「finish」と「Finnish（フィンランド人）」をかけている。
「finish him」は「奴にトドメを刺せ」「やっちまえ」的な意味。
つまり「陣営に一度も所属せず、フィンランドでモスクワを占領し、ソビエトを降伏させる」ということ。そのためドイツ参戦までに包囲殲滅や戦略爆撃などでどこまで点数を稼げるかの勝負",,

I Captured the Bosporus and All I Got Was This Lousy Achievement,ボスポラス海峡まで占領した結果がこれだよ！！,GRE / BUL / TUR,Easy,BftB,ギリシャまたはブルガリアで、ボスポラス海峡の両側を所有する。トルコとして、ギリシャとブルガリアの両方を征服する。,"「I xxxx（私はｘｘｘをやったが）and all I got was this xxxx（ｘｘｘしか得られなかった）」という海外のミーム。
このミームのプリントTシャツが流行ったらしい。（実績のアイコンからも分かる）",,

Istanbul is Constantinople. Again.,イスタンブール・イズ・コンスタンティノープル,GRE,Easy,BftB,ギリシャで、イスタンブールを獲得しコンスタンティノープルに改名する。,"50年代アメリカのノベルティソング「Istanbul (Not Constantinople)」が元ネタ。ロックバンドThey Might Be Giantsのカバーは日本でも有名か。
歌い出しの特徴的な「Istanbul was Constantinople...」というフレーズは、Youtubeなど現代のネット文化でも流行した。","「メガリ・イデアの復活」によるギリシャの焦点は、イスタンブール（797）を獲得するトルコとの戦争を可能にする。単にイギリス、フランス、イタリアを招き入れ、彼ら全員に譲歩を約束すればよい。そのうちの一部は戦争に参加し、必要な領土を譲渡してくれる。
注：英国やフランスがトルコ分割に合意していても、あなたが宣戦布告すると単独で離脱する可能性があります。この実績は「ビザンツ帝国復興」「ビザンツ帝国再興」「大ギリシャ形成」の3つの決定を実行することで獲得できます。注2：少なくともバージョン1.16時点では、フランスも英国も戦争支持率が20%以上でなければ会議に出席しません。したがって「メガリ・イデア」の焦点開発を急ぎイベントを早期に発動させると、会議自体が成立しません。また「EEEとの交渉」イベント発生時にファシスト勢力との協力を選択した場合も、彼らの参加はほぼ不可能となります。この焦点を回避し、「恐怖と戦慄」に移行すれば、トルコ単独への宣戦が可能となる。トルコは常備軍規模で優位にある上、この時点ではルーマニアの保証国となっているため困難を極めるが、達成は可能だ。（ただし比較的迅速に実行する必要がある：会議が失敗すると、英国は1939年3月までにトルコを保証する傾向があり、ルーマニアは運が良ければ1940年半ばに枢軸国に、運が悪ければ1939年9月に連合国に加盟する。）このルートを進む場合、トルコに挑む前にブルガリアを傀儡化しておくと有利である。                                                                                           ",

Peter’s Pride,ペータルの誇り,YUG,Very Easy,BftB,ペータル2世のユーゴスラビアで、叔父を追放して国王になる。,"おじとは初期元首の摂政のパヴレのこと。
元ネタは聖書。「ペテロ（英語読みピーター、スラブ語読みペータル）」がイエス・キリストの十二使徒の筆頭格であることは言わずもがな。
「ペテロ」とはもともとイエスの付けた渾名であり、ヘブライ語で「岩」、つまり頑固者という意味。ペテロの自信に満ちた誇り高き（プライドが高い）人格を物語っている。",単に下へ進み、ピーターを統治者に据えるフォーカス（例：摂政の終結）を達成すればよい。歴史AIでは、フォーカスを達成する前に攻撃されることはない。,

This is Madness!,これは狂気だ！,GRE,Easy,BftB,ギリシャで、メガリ・イデアを実現し大ギリシャを建国する。,"映画『300 〈スリーハンドレッド〉』で降伏を拒否したスパルタのレオニダスに対するペルシア使者のセリフ。この直後「This is Sparta!(これがスパルタだ！)」のセリフと共にレオニダスに蹴り落される。
本作の印象的なシーンではあるが海外では「This is Sparta!」は印象的を通り越してネットミームと化している。
実績のマークも『300』でレオニダスを演じるジェラルド・バトラーの顔が使われている。(肖像権は問題無いのだろうか?)","メガリ・イデアは、貴国と英国、フランスがトルコ攻撃と分割に合意し、和平協定で必要な領土を保証される構想である。英国とフランスは、会議で合意していても、トルコ攻撃のフォーカスを達成した時点で単独で戦争から離脱する可能性がある点に留意されたい。ただし、いずれか一国と組めばトルコを容易に撃破でき、単独でも勝利は可能である（「イスタンブールはコンスタンティノープル。再び。」の注記も参照）。

大ギリシャ建国の決定は、以下のいずれかの方法で解除される：・指導者がゲオルギオス・コスミディスでない状態で「ネニキカメン」目標を達成する・「近代化運動」目標を達成し、国家指導者にイオアニス・メタクサスを選択する・「大反ファシスト戦争準備」目標を達成する ",

Nobody’s Business but the Turks,それはトルコの仕業なのさ,TUR,Very Easy,BftB,オスマン・スルタン国を復興する。,"これもノベルティソング「Istanbul (Not Constantinople)」が元ネタ。
「That's nobody's business but the Turks」は歌の最後のフレーズ。
ちなみに直前の歌詞は「Why did Constantinople get the works（なぜコンスタンティノープルはこんな目にあったのか？）」である。",焦点に到達するには、小さな内戦に勝つ必要があるだけだ。,

House of Kurds,クルド人の家,Kurdistan,Medium,BftB,クルディスタンで、すべての中核州を支配する。,"エジプト以来の構成国/植民地の実績。
国家を持たないクルド人問題は、元を辿るとセーヴル条約でのクルディスタン建国が、列強各国によって反故にされた事まで遡る。
現実にも同名の組織がある。","注：ボスポラス海峡の戦いが有効な場合、トルコ、シリア、イラン、イラクはクルディスタンを解放できません。この実績は現在（パッチ1.16.5）、帝国墓地を有効にした状態でイラクの焦点ツリーにおいて「クルド人アイデンティティの促進」ルートを選択することで達成可能となりました。

1.16.9時点では、おそらくバグのため、この実績はマラティヤ（344）の支配を要求しますが、これは単なる領有権主張に過ぎず、クルディスタンのコアの一つであるモスル（676）は要求されません。そのため、必要な州を全て占領してクルディスタンを解放しようとしても、実績は解除されません。実績を獲得するにはトルコと交戦し、マラティヤを制圧する必要があります。",https://hoi4.paradoxwikis.com/House_of_Kurds

Hellenic Civility,ヘレネス流の礼儀,GRE,Very Easy,BftB,1937年までにギリシャ内戦に勝利する。,"ヘレネスとはギリシャ人の自称で、ギリシャ（英通称：Greece）も公式名称は「Hellenic Republic」である。
古代ギリシャ人は自らをヘレネス（英雄ヘレンの子）と称し、異民族であるバルバロイ（蛮人）と区別した一方で、都市国家間（つまりヘレネス同士）の戦争も絶えなかった。
この「誇り高い民族意識」と「民族内部の対立意識」の矛盾・混沌こそがヘレネスの流儀、秩序なのである。
なお史実では1946年から1949年に右派政府と共産系パルチザンが内戦をしていた。","内戦が始まる前に、すべての陸軍ユニットを削除し、訓練中の騎兵師団を1個編成する。内戦開始後、これをアテネに展開し、すべての勝利ポイントを獲得して内戦を迅速に終結させる。必要に応じてクレタ島（182）に海上侵攻を行う。
『Battle for the Bosporus』では、国王を逮捕せず『統治権』ルートを進むことで内戦を引き起こせる。『Battle for the Bosporus』がない場合、政党支持率メカニズムで手動で内戦を引き起こす必要がある。
内戦開始のタイマーがあるため、「王室警護隊の再編成」フォーカスを内戦開始の1日後に完了するように調整可能。事前に全ユニットを削除しておけば、フォーカスで得られる2ユニットで即座に内戦に勝利できる。",

Hoofin’ It,フーフィン,,Very Easy,BftB,ラクダ騎兵30個師団を持った状態でアラビアを統一する。,「Hoofing(it)」は「歩いていく、踊る」などを意味するイディオム。「hoof」の原義はらくだや馬の蹄のこと。,"どの国でも、ラクダ部隊さえあればこれを行うことができます。

最も容易なのは連合王国（イギリス）です。必要な領土はサウジアラビア、オマーン、イエメンを除く全てを既に支配下にあるためです。国王党路線を選択し、半島内の3つの独立国家を併合する正当化理由を確立します。ラクダ部隊のテンプレートを作成し、30個編成します。ゲーム開始時にラクダは使用可能ですが、テンプレートは自身で作成する必要があります。注意： 領土は直接支配下にある必要がある（傀儡政権経由や単なる占領状態では不可）。オマーンの自治権を削減して併合する必要がある（これは容易）。また、1936年に英領インド帝国がアデンを引き渡していない場合、帝国自体も併合しなければならない（これはより困難である。国王党が独立への道を設定し、大幅な日次自治権増加効果を与えるため）。",

We’re Putting the Band Back Together,俺たちはバンドを再結成するんだ,TUR,Medium,BftB,トルコで、ドイツ・オーストリア＝ハンガリーと同じ陣営に加盟する。,"映画「The Blues Brothers」のセリフ。ネットミームになっている。
なお実績の画像がトルコの「アブデュルメジト2世」、オーストリア＝ハンガリーの「オットー・フォン・ハプスブルク」、ドイツの「ヴィルヘルム3世」となっている。(あれヴィルヘルム2世さん…?)",,https://hoi4.paradoxwikis.com/We%E2%80%99re_Putting_the_Band_Back_Together

Dracula’s Revenge,ドラキュラの復讐,YUG,Medium,BftB,ユーゴスラビアで、トランシルバニアに自治州を作り、ルーマニアの中核州すべてを持たせる。,"EU4にも同名の実績が存在する。
同名のボードゲームもあるので、それが元ネタか？（パラドのルーツはボードゲーム会社）",1.12以前 / 血のみによって：共産主義フォーカスツリーを進み、汎バルカン構想を目指せ。汎バルカン構想を発動し、ルーマニアで反乱を扇動する。共産主義者が内戦に勝利したら、彼らを正当化し宣戦布告せよ（いかなる勢力からも保証されない）。和平会議でトランシルヴァニアを傀儡化し、ルーマニア領土の全てを譲渡せよ。1.12以降、和平会議システムのリワークによりこの手法は機能しません。二つの選択肢があります。西側フォーカス分岐を進み、「スラヴ系トランシルヴァニア自治権」でトランシルヴァニアを傀儡として解放した後、ルーマニアを撃破する方法。あるいは共産主義路線でルーマニアを二度撃破する方法（最初にトランシルヴァニア傀儡国家を創設し、次に残りのルーマニアコア領を譲渡させる）。後者のルートは（少なくとも歴史難易度では）特に困難です。なぜなら、1940年半ばにソ連がベッサラビアを要求する前に、これら全てを完了させる必要があるからです。,

Prussia of the Balkans,バルカンのプロイセン,BUL,Hard,BftB,ブルガリアで、トルコを降伏させ、ギリシャ含むバルカン半島の残りすべてを支配する。,第一次バルカン戦争前後のブルガリアは精強な軍事大国であり、他国からは「バルカンのプロイセン」と呼ばれ、ブルガリアもそれを自称していた。,"州を占領するだけで所有する必要はない。共産主義陣営に転換し、可能な限り多くのバルカン諸州を自陣営に組み入れよ。共産主義支持率が60％を超えると国家は転向する（特にルーマニアとギリシャを味方につけることが重要だ）。自陣営に属するバルカン諸国は「バルカン統一」フォーカスで併合可能。連邦を樹立後、バルカン地域で領土を保持する勢力を攻撃し、トルコを降伏させる。
注：トルコの降伏時には「交戦中」かつ「降伏済み」の条件を満たすため、降伏時点でトルコが陣営に属している必要がある。降伏時に交戦状態が解除されると実績が解除されない。",

Balkan Problem Solved,バルカン問題の解決,BUL,Medium,BftB,コミュニスト・ブルガリアで、United Balkan Federation(統一バルカン連邦)を建国し、バルカン半島の州をすべて中核州として支配する。,これぞソビエト的解決法,注：ルーマニア、ギリシャ、ユーゴスラビア、アルバニアのコア州を全て所有する必要はありませんが、ブルガリアのコア州は全て支配する必要があります。ドデカネス諸島（164）も支配していることを確認してください。,https://hoi4.paradoxwikis.com/Balkan_Problem_Solved

Bad Romeance,バッド ローマンス,GRE,Very Hard,BftB,ビザンツ帝国を復興し、イタリア、ルーマニア、ロシアを従属国とする。,"元ネタはレディー・ガガの楽曲「Bad Romance」。実績画像も彼女の画像が使われている。
Romance（ロマンス）とRome（ローマ）をかけた駄洒落になっている。",,https://hoi4.paradoxwikis.com/Bad_Romeance

"Totally Not Cool, Bromania",全然構わなくないよ、兄弟。,ROM,Easy,BftB,ルーマニアで、戦争中に相手方に寝返り、以前の同盟国を降伏させる。,"「Totally Cool」で「全然構わないよ」というイディオムなので、Notでその逆となる。後半はBro.（兄弟）とRomaniaをかけていると思われる。
昨日の兄弟は今日の敵、ルーマニアに裏切られても全然構わないと強がる枢軸国だが、どう考えても致命傷である。",焦点を「憲法改正」に置き、バルカン支配を獲得せよ。軍隊を少なくとも50万兵力まで増強し、「ハンガリーとの同盟」と「チェコスロバキア分割」の焦点を獲得せよ。ハンガリーが拒否した場合、戦争に勝利し傀儡政権を樹立せよ。ドイツもチェコスロバキア分割に同意し、ルーマニアにスロバキアの傀儡政権を与えるべきである。親枢軸政府任命、ファシスト扇動者獲得でファシズムへ転換。その後、強制退位へ進む。ルーマニアがファシズムへ転換したらファシスト扇動者を排除。ドイツがポーランドに宣戦し、ブルガリアが枢軸に加盟するまで待機。戦争に参加するが、ハンガリーとスロバキアを戦争に巻き込まない。軍隊をブルガリア国境に配置する。ミハイ国王のクーデターを選択し民主主義に転向、ポーランドが降伏しソ連が東ポーランドを占領するまで待機する。「連合国に合流」を選択しブルガリアを降伏させる。,

Freedom or Death,自由か死か,GRE,Medium,BftB,ギリシャで、イタリアと戦争中にアルバニアを解放する。,ギリシャ独立戦争中に生まれたモットー(Eleftheria i thanatos),"ファシスト路線に転じ、アルバニアを正当化の根拠にせよ。イタリアがアルバニアを保証しているため、アルバニアに宣戦布告すればイタリアはアルバニアに参戦する。港を急いで確保し、イタリア軍が兵員を輸送できないようにせよ。アルバニアに降伏を迫り、その全領土を併合せよ。
		",

Now This is Getting Childish,いよいよ子供っぽくなってきた,YUG / BUL,Easy,BftB,ユーゴスラビアかブルガリアで、プレイ中に両国が子供に統治されている間に戦争状態になる。,ユーゴスラビアはペータル2世(子供の姿)、ブルガリアはシメオン2世(摂政評議会の姿)である。,"摂政評議会は「摂政評議会を設立」フォーカスを通じて形成される。「ボリス暗殺計画」フォーカスを選択し、彼を殺害する決定を選び、その後親枢軸派の摂政を選び枢軸国に加盟する。「民主主義の原則」を選択する方が「ツァーリ体制」より容易である。1941年2月にパウロ王子はペテル2世に交代し、ドイツは間もなくユーゴスラビアを攻撃する。戦争に参加して実績を獲得する。

ユーゴスラビアとしてこれが可能かどうか（あるいはどう実現するか）は不明：問題は、ユーゴスラビアで唯一の未成年君主であるペテル2世が、1941年9月に18歳になることで「未成年君主」特性を失う一方、ブルガリアのボリス3世皇帝は歴史的AI下では1943年まで生存し、これを操作する手段がない点にある。",

Hardly Anything S?vres,まるで意味のないセーヴル条約,TUR,Very Hard,BftB,オスマン帝国で、フランス・イギリス・イタリア・日本の首都を獲得する。,"セーヴル条約とは、WW1で敗戦したオスマンが、戦勝国である連合国と結んだ条約。シリアやエジプトなど多くの領土を割譲することになった。
言わずもがな英仏伊日はWW1の戦勝国であり、それらを占領してしまえばセーヴル条約はまるっきし意味を為さなくなるのである。",,https://hoi4.paradoxwikis.com/Hardly_Anything_S%C3%A8vres

"One Nation Under Atat?rk, Indivisible",アタテュルクの下の分割すべからざる一国家,TUR,Very Easy,BftB,中道主義トルコで、ネガティブな州補正をゼロにする。,"元ネタはアメリカ合衆国の「忠誠の誓い」。アメリカの学校や公式行事でしばしば暗唱される。日本でいうところの「君が代」に近い。
「I pledge allegiance to the Flag of the USA,（中略）, one Nation under God, indivisible, with liberty and justice for all.（私はアメリカ合衆国国旗と（中略）神の下の分割すべからざる一国家に、忠誠を誓います。）」",ケマル主義路線を進むには、国家主義政策の継続と国内平和に焦点を当てよ。サイレントワークホース顧問を採用し、機会あるごとに世俗主義決定を用いてイスラム主義勢力の拡大を阻止せよ。「トルコ民族」政策はクルド州を鎮圧し、イスラム主義勢力は「反原理主義作戦」または妥協決断（ケマル主義勢力が忠誠を保つ限り）で対処可能。戦争は不要で、決断を繰り返すだけの政治力さえあればよい。達成条件は全イスラム国家が「懐柔」され、クルド州が「分離主義疲労」状態かコア化されること。,

Master Puppeteer,人形劇の天才,BUL,Medium,BftB,ブルガリアで、バルカン半島に5つ以上の傀儡国がある状態で国家方針「The Fate of the Balkans」を完了する。,"ブルガリアをはじめとした東欧では人形劇が盛んで、国立の人形劇場や劇団が存在するなど、伝統芸能となっている。
経済的な差もあり、日本ではチェコのマリオネットの方が有名かもしれないが、それでもブルガリアは世界的な人形劇作家や劇団を多く輩出している。",『バルカンの運命』を完了すると、自陣営に属するバルカン地方の首都を持つ国家を平和的に傀儡化できる能力、および未所属国家を強制的に自陣営に組み入れる能力を獲得する。傀儡化したユーゴスラビアは、この実績達成のために構成州を傀儡として解放した状態で統合するか、決定により803（106）を接収できます。これらの州はマケドニアとセルビアの傀儡国家を形成可能です。決定による国家の自陣営加入には、戦場に展開する兵力の数が重要であり、傀儡派遣軍もこの数値に寄与します。,

At least they run on time!,定刻通りに走る列車だ！,ITA,Very Easy,NSB,イタリアで、ファシスト政権のままで、イタリアのすべての中核州に最大レベルの鉄道を敷く。,"元ネタは古いことわざの「Mussolini made the trains run on time(ムッソリーニは電車を時間通りに走らせた)」から来ている。
「業績はともかく、""少なくとも彼はイタリアの鉄道を時刻通りに走らせた""」という意味。",州ごとにレベル5鉄道が必要な地域は1つだけで十分である。接続するレベル5鉄道を2つの州にまたがって走らせれば、両方の州の要件を満たすことになる。,

Not much fun in Stalingrad,スターリングラードでお楽しみなんて…無理でしょ？,GER,Easy,NSB,ドイツで、スターリングラードを占領せずにソビエト連邦を降伏させる。,"モンティ・パイソンのネタ「ヒトラーのいる民宿」元ネタで、実績画像もその一コマが採用されている。
訳文もそこから引用しています。",スパイを用いてレジスタンス協力政府を創設し、ソビエト連邦の安定度を低下させて降伏閾値を引き下げることを推奨する。最も容易な方法は、ポーランドへの即時正当化を歴史的焦点とし、戦争終結後にソビエト連邦への正当化を行うことである。,

No more Partitions,分割は無しだ,POL,Easy,NSB,ポーランドで、独立したまま、かつ、ドイツとソ連両国が自国の陣営に入るか存在しないようにする。,"なぜ独ソのために分割さればならないのだ?
ポーランドが全ての中核州を支配してないと実績が解除されないので注意",,https://hoi4.paradoxwikis.com/No_more_Partitions

Habsburgs. Habsburgs everywhere,どこもかしこもハプスブルク,POL,Very Easy,NSB,ポーランドで、ハプスブルク家を戴き、他のハプスブルク家国家と同盟する。,つまりオーストリア=ハンガリーである。,カール・アルブレヒトは、摂政評議会を召集した後、11月5日法を履行することで国王に選出される。兵士の王、国王親衛隊、ハプスブルク家の主張を主張するを選択すると、オットー・フォン・ハプスブルクがハンガリー王位に就き、ハプスブルク同盟を完了するとハプスブルク派閥が結成される。,

The Pope? How many Divisions does he have?,ローマ教皇？　いったい彼は何個師団を有しているのかね？,SOV,Easy,NSB,ソビエト連邦で、ローマを占領する。,"スタートアップ格言にも存在するスターリンの発言、テヘラン会談でローマ教皇の影響力を語るチャーチルにこう返したとされているが、実際には言ってない説もある。
なお格言の方は「The Pope! How many divisions has he got?」である。",連合国と共に枢軸国を打ち破り、和平協定においてラツィオ（2）を単純に占領するだけで、比較的容易に達成できる。,

This is going to be LIT,ここはイケてるリトアニア,LIT,Medium,NSB,リトアニアで、リトアニアに隣接する国すべての首都を占領する。,"LITは「ヤバい(いい意味で)」や「よかった」を意味するスラングであり、HoI4内部データにおいてリトアニアを意味する国家タグでもある。
つまりThis is going to be lit（イケてる）で「いい感じになるぜ！」的な文章とThis is going to be Lithuania（リトアニア）で「ここもリトアニアになるんだよ！」的な文章のダブルミーニングということ。",,https://hoi4.paradoxwikis.com/This_is_going_to_be_LIT

It has my name on it,私の名前が書いてありますよね,EST / LAT / LIT,Medium,NSB,バルト諸国のいずれかで、バルト海の沿岸州をすべて征服する。,兄弟(姉妹)の冷蔵庫のプリンに名前が書いてあるように、バルト海沿岸の土地にも名前が書いてあるのだ（偽造文書である可能性は闇に葬る）,,https://hoi4.paradoxwikis.com/It_has_my_name_on_it

This Achievement is Cheesy,チーズ味のある実績,LAT,Medium,NSB,ラトビアで、オストラントを形成し、ヴェステルボッテンを征服する。,"Cheesyにはスラングで「安っぽい」という意の他にそのまま「チーズ(正確なつづりはcheese)」という意を持つ。
そしてヴェステルボッテンは地名でもありチーズの名前でもある。
おそらくそこに掛けているのだろう(実績の画像もラトビアの旗が刺さったチーズである。)。",注：実績の説明は誤解を招く内容です。なぜなら、実際にはノルボッテン県（666）が必要であるにもかかわらず、ヴェステルボッテン県（918）を要求しているように示唆しているからです。,https://hoi4.paradoxwikis.com/This_Achievement_is_Cheesy

Esti is Scandi,エストニアはスカンジナビア ,EST,Hard,NSB,エストニアで、スカンジナビアを確保する (追記：スカンジナビアのすべての国家は、エストニアまたはエストニアの属国に支配されている必要がある),"実績画像を見るに広義のスカンジナビア（フィンランドや大西洋の島も含む）と思われる。
元ネタはポーランドボール。エストニアボールは北欧扱いしてもらいたいのにしてもらえないキャラとして性格付けられている。",,https://hoi4.paradoxwikis.com/Esti_is_Scandi

Not a step back!,一歩も下がるな！,SOV,Medium,NSB,ソビエト連邦で、中核州の領域を一つたりとも占領されず1945年を迎える。,"占領されてはいけないのは中核州なので、旧ポーランド東部・バルト三国・ベッサラビアまでは占領されても問題ない。
DLCの名前と同じく「ソ連国防人民委員令第227号」が元ネタ。",注：北サハリンが自国のコアであるため、「日本との和解」フォーカスを選択しないでください。歴史的ドイツフォーカスは全て無効にし、その他は歴史的設定のままにします。あるいは、ポーランドに早期宣戦し、ベラルーシとウクライナを傀儡国家として解放しつつ自国のコアを維持し、これらを戦争圏外に置くことで防衛ラインを容易にします。,

One Step Forward,一歩前へ,SOV,Very Easy,NSB,ソビエト連邦で、ドイツがポーランドを攻撃する前にポーランドとドイツに宣戦布告をする。,上と同じくNot a step backが元ネタで、下がる前に一歩踏み出せというネタ。,ポーランド国境沿いに前線を設置せよ。ポーランドに対して宣戦布告の正当化を行い、その後戦争を宣言する。ドイツに対しても同様に正当化と宣戦布告を行う。ポーランドとドイツの両国と同時に交戦状態になった時点で実績が解除される。,

The Soviet Onion,ソビエト・オニオン,SOV,Medium,NSB,ソビエト連邦で、国境を傀儡国家としか隣接しないようにする。,"Onion(玉ねぎ)と連邦を意味するUnion(ユニオン)をかけたネタ実績。
玉ねぎの皮のようにソビエトを傀儡で包み込もう。
なお、タマネギ「onion」の語源は、ラテン語の「union」から来ている模様。",,https://hoi4.paradoxwikis.com/The_Soviet_Onion

Crusader Kings III,クルセイダーキングス 3,POL,Medium,NSB,ポーランドで、君主を戴冠させ、エルサレムを占領する。,"CKシリーズ実績第3段。
元ネタは本作と同じ開発・発売元の「Crusader Kings III」。
「CK III」の中には西欧カトリック諸国が、聖地エルサレムをイスラム教諸国から奪還することを目的とした十字軍を再現したイベントが存在しており、それが条件の元ネタか。
CKI・IIはHoI4より前の作品だが、IIIはHoI4より後(LaR～BftBの間辺り)に発売されており、自社ネタとしてもやけに早くネタにされている。",ファシストの王を選出し、枢軸国に加盟し、アフリカ戦線で彼らを支援せよ。エルサレムを支配するだけでよいので、十分な戦争スコアを獲得し、パレスチナの支配権を要求すればよい。,

The Romanovs laugh last,最後に笑うのはロマノフ家,SOV,Hard,NSB,ソビエト連邦で、ロマノフ王朝を復活させ、ドイツ、ハンガリー、オーストリア、チェコスロヴァキア、トルコ、ブルガリアを征服する。,"メンツはWW1でロシア帝国が戦った中央同盟国の皆さん。
達成条件は各国の首都州を自国あるいは従属国が領有していることである。",,https://hoi4.paradoxwikis.com/The_Romanovs_Laugh_Last

We don't really like statistics,統計になるのは好きじゃない,SOV,Medium,NSB,スターリンが元首のソビエト連邦で、合計100万人未満の死傷者を出している間にドイツを征服する。,"つまり「1M」を迎える前にドイツを下さなければならない。
元ネタは条件にもあるスターリンの発言「一人の死は悲劇だが、百万の死は統計だ(The death of one man is a tragedy. The death of millions is a statistic.」で……はない「実は言ってない台詞」という奴。
これに関しては諸説あり、アイヒマン裁判で有名なナチス親衛隊員アドルフ・アイヒマンの発言とする説や、『西部戦線異状なし』の作者として有名なエーリヒ・マリア・レマルクであるとする説がある。
似た言葉にチャールズ・チャップリンの映画「殺人狂時代」に登場するセリフ「一人を殺せば殺人者だが、百万人を殺せば英雄だ(it's all business. One murder makes a villain; millions, a hero. Numbers sanctify)」も存在する。
そもそも「(少ない数字)はこうだけど、(大きい数字)はこう」といった内容は割と多く使われる。","ドイツはあなたに降伏しなければなりません。もしドイツが別の陣営に降伏し、ポップアップが表示されない場合、実績は獲得できません。

歴史的なプレイスルーでも達成可能ですが、ドイツが「ヒトラーに反対」を選択した場合が最も容易です。内戦から回復する前に、君主制派（または両陣営）を攻撃してください。

注意点として、この数値はドイツから受けた損害のみに適用されます。交戦中の他国から受けた損害は、どれだけ多くても問題ありません。",

Race for Germany,レース・フォー・ジャーマニー,SOV,Medium,NSB,ソビエト連邦で、フランスが降伏した後に連合国がドイツの中核州を一つでも占領する前にドイツを征服する。,"元ネタは世界ツーリングカーカップ(WTCR)の「Race of Germany」と思われる。
WTCRとは国際自動車連盟 (FIA) が開催している、ツーリングカーによる国際レースの名称である。","ドイツが降伏する際、その全中核州はあなたの支配下に入らねばならない。フランスは連合国側であり降伏済みでなければならない。

戦争開始が早ければ早いほど、勝率は高まる。集団安全保障ルートを進み、「西側ファシズムの根絶」を選択（攻撃ボーナス最適化のため1939年半ばが望ましい）。モロトフ＝リッベントロップ協定を拒否し、ドイツ軍がパリに接近した時点で攻撃を開始。ドイツ国内に協力政権が存在すると有利。

別の選択肢として、フランス陥落後にイギリスへの海上侵攻で連合国を弱体化させた後、ドイツを撃破する方法もある。安全だが難易度は高い。",

Siberian Tiger,シベリアトラ,TAN,Very Hard,NSB,タンヌ・トゥヴァで、シベリアを建国する。,"タンヌ…なんだって?→シベ…なんだって?
日本ではアムールトラの名で知られており、大昔は英名の通りシベリアや果てには中央アジアにもいたのだが、年々数を減らしており、ハバロフスクあたりにしか生息していない。",,https://hoi4.paradoxwikis.com/Siberian_Tiger

Just proper gander,チラ見程度で充分,SOV,Easy,NSB,ソビエト連邦で、1945年までに30のプロパガンダをする。,"ganderは「チラ見」を意味し、Just and properは「公正かつ適切」を意味する。
30はやりすぎなのだろう。",「マルクス・レーニン主義の道」「内政問題への対応」「アジプロの拡大」「コムソモール」を完了後、「積極的英雄主義」または「集団主義的宣伝」のいずれかを達成するとアジプロ決定が解放され、スロットが3つに拡張される。これらの決定は利用可能になり次第継続的に実行し、開始から約5年後に30キャンペーンを達成できるようにする。安全策として1939年までに開始することを推奨する。,

Around Eurasia in 80 days,八十日間ユーラシア1周,,Hard,NSB,ジブラルタルからシンガポールへの鉄道を持つ。,元ネタはおそらく小説とそれを映画化した「八十日間世界一周(Around the World in eighty Days)」と思われる。,鉄道を接続するには、各州が同一陣営のメンバーによって所有されている必要がある。複数のルートが選択可能である。最も少ない国を通過するルートは、ジブラルタル - スペイン - フランス - ドイツ - ポーランド - ソビエト連邦 - イラン - イギリス領インド - イギリス領ビルマ - サイアム - イギリス領マラヤである。,

Poland Peasant Revolution,ポーランド農民革命,POL,Very Easy,NSB,ポーランドで、農民のストライキによって政府を転覆させる。,,単に「農民ストライキを組織する」という焦点を定め、州を要求する決断とストライキを工場へ拡大する選択肢を取ればよい。わずか数州でも掌握すれば内戦を容易に制することができる。,

"...and you get a canton, everybody gets a canton!",君もカントン、あなたもカントン、皆カントン！,SWI,Medium,BBA,スイスで、24州を領有する。,"cantonとはスイスにおける州を指す言葉。
元ネタは「The Oprah Winfrey Show」というトークショーで、司会者のオプラ・ウィンフリーがスタジオの観客席のみんなに自動車をプレゼントした際の発言。
歓喜する観客たちにオプラが指を指しながら「you get a car!　you get a car!　you get a car!(以下数回繰り返し)everybody gets a car! 」と発言している。
実績画像にも司会者の姿が描かれている。",,"https://hoi4.paradoxwikis.com/%E2%80%A6and_you_get_a_canton,_everybody_gets_a_canton!"

I’m not locked in here with you…,俺がお前らといるんじゃない…,SWI,Medium,BBA,スイスで、ドイツに宣戦布告し勝利する。,"元ネタはDCコミック「ウォッチメン」の映画版(2009年)。
諸事情で刑務所送りにされた過激な自警団員「ロールシャッハ」が、過去自らの手で刑務所送りにした人物に襲われ、それを返り討ちした際のセリフ。
画像の元ネタはかつては山岳救助犬として活躍していたセントバーナード。
首に取り付けられた樽にはラム酒やブランデーといったアルコール度数の高いお酒が入っている。これで体を温めろということ。
なお画像の犬はナイフを咥えており殺意を感じる。",アンシュルス後、フォアアールベルクへの主張を根拠にドイツに対する短期的な戦争目標を正当化できる。連合軍が1～2回の上陸作戦を成功させた後でこれを行えば、防衛ラインに後退して待機するだけで済む。,

Swiss Cheese,スイスチーズ,SWI,Medium,BBA,スイスで、隣接していない州を5つ領有する。,これで地図の見た目は穴空きチーズに。,歴史的に、ファシスト路線を急ぎ、枢軸国に加盟せよ。可能な限り速やかに、ヴィシー・フランスへの宣戦布告を正当化せよ。島嶼は非連続州として扱われる。,

You Shall Not Pass,ここは断じて通さん！,SWI,Easy,BBA,スイスで、「Western Swiss alps」「Eastern Swiss Alps」「Ticino」のいずれも失わずに戦争に勝利する。,元ネタは映画版「ロード・オブ・ザ・リング」三部作の1作目のセリフ。,,https://hoi4.paradoxwikis.com/You_Shall_Not_Pass

The Lion that Roared,吼えるライオン,ETH,Hard,BBA,エチオピアで、陣営に属さずにイタリアに和平を強制し、それをもう一度繰り返す。,当時のエチオピア国旗には「ユダヤの獅子」が使われている。,この実績を達成するには、イタリアを海へ追い込むか、AIが耐えきれず和平を申し出るまで持ちこたえる必要があります。最後に、フォーカス「既成事実」を達成することで戦争を終結させることも可能です。,

The Lion King,ライオン・キング,ETH,Hard,BBA,エチオピアで、元首がハイレ・セラシエの状態で「King of Kings」を宣言し、ケニアとタンザニアを支配する。,元ネタはディズニーのアニメ映画。,,https://hoi4.paradoxwikis.com/The_Lion_King

This time for Africa,ディス・タイム・フォー・アフリカ,ETH,Very Hard,BBA,エチオピアで、アフリカ連合を創設し、アフリカに首都を置く13か国以上を加入させる。,"2010年FIFAワールドカップ南アフリカ大会の公式ソング｢Waka Waka｣の副題。
実績の画像にもこれを歌ったコロンビア生まれの「Shakira Isabel Mebarak Ripoll」らしき人が描かれている。",,https://hoi4.paradoxwikis.com/This_time_for_Africa

Crusader Kings IV,クルセイダーキングス 4,ETH,Very Hard,BBA,エチオピアで、エルサレムを獲得し、そこに首都を移す。,"CKシリーズ実績第4段。
元ネタは本作と同じ開発・発売元の「Crusader Kingsシリーズ」の最新作「IV」…実のところ「IV」はまだ発売されていない。
なんなら「III」が2020年に発売されたばかりである。本物のIVが出るのは遥かに先の事だろう。
エチオピアは古代イスラエルの関係者である、ソロモン王とシバの女王の子、メネリク1世を伝承上の国家の起源としているため、この実績が追加されたのだと思われる。",,https://hoi4.paradoxwikis.com/Crusader_Kings_IV

The Red Sea,紅海,ETH,Hard,BBA,エチオピアで、共産主義となり、紅海沿岸のすべての州を獲得する。,物理的に紅い海を、政治的に赤く染める時が来たのだ。,,https://hoi4.paradoxwikis.com/The_Red_Sea

"Stalin, how many guns does he have?",スターリン、いったい君は銃をいくつ所持しているのかね？,ITA,Hard,BBA,教皇としてソ連を降伏させる,"スタートアップ格言やDLC「NSB」にも存在するスターリンの発言(していない説あり)「ローマ教皇だと、いったい彼は何個師団を有しているのかね？」の立場逆転バージョン。
存在しないと見ていた教皇軍に攻められ降伏しているので1丁も持っていない(はず)。
当時のソビエト陸軍の充足率の悪さを表す「ソ連兵は銃を2人に1丁しか渡していなかった」という言葉があるがこれはデマな模様。
スターリングラードを描いた映画から生まれた風評被害と判断されている。",「聖なるローマ帝国」と「帝国」を達成した後も進め続けよ。ローマ帝国を築いた後には、十分な資源と強力な海軍（和平協定でフランスとイギリスの両方を手に入れよ）を保有しているため、誰も君を止められなくなるだろう。,

"Holy, Roman, and an Empire",神聖であり、ローマであり、帝国でもある,ITA,Hard,BBA,教皇としてローマを復興する。,"フランスの哲学者ヴォルテールの「神聖ローマ帝国、と自らを呼んだ、そしていまだに呼んでいるこの政体はいかなる点においても神聖ではなく、ローマ的でもなく、帝国でもなかった。」が元ネタ。
それを否定するように「神聖であり、ローマであり、帝国でもある」ことを宣言するのだ。
ただしこの言葉は「800年または962年~1806年」と君臨し続けた神聖ローマ帝国衰亡期の18世紀に語られた言葉であるため、単なる「詐称帝国」扱いするのは間違いである。 
とはいえ初期から古代ローマ帝国の継承国の自認しながらローマらしい領土は持たず、帝国と言いながら寄り合い所帯のため強い権力を使えず、ローマ教皇との関係も後期では悪化していたため神聖ともいえない感じでもあったが…。
古代、中世、近代、現代、そして解釈者の住んでる風土で国、宗教に対する感じ方、扱い方が変わるため、神聖ローマ帝国の解釈は難しいのだ。",,"https://hoi4.paradoxwikis.com/Holy,_Roman,_and_an_Empire"

Pizza Time!,ピッツァの時間だよ！,ITA,Hard,BBA,イタリアで、ニューヨーク・シカゴ・ハワイを占領する。,"恐らく元ネタは2004年の映画「スパイダーマン2」。
スパイダーマンであるピーターはアルバイト(ピザ配達)中に人助けを行ったために配達時刻を過ぎ「Pizza Time!」と元気よく渡すも支払いを拒否されてしまう。
だがここはアメリカのニューヨークではなくイタリア、「ピザ」ではなく「ピッツァ」である。忘れないように。",「聖なるローマ帝国」と「帝国」を達成した後も進め続けよ。ローマ帝国を築いた後には、十分な資源と強力な海軍（和平協定でフランスとイギリスの両方を手に入れよ）を保有しているため、誰も君を止められなくなるだろう。,

Collect all the Romes,ローマを網羅,ITA,Hard,BBA,イタリアで、第一のローマを保持し続け、第二・第三のローマを獲得する。,第一のローマは当然ながらイタリアのローマ、第二は東ローマ帝国(ビザンツ)の首都であったコンスタンティノープル(現イスタンブール)、第三はモスクワである。,「聖なるローマ帝国」と「帝国」を達成した後も進め続けよ。ローマ帝国を築いた後には、十分な資源と強力な海軍（和平協定でフランスとイギリスの両方を手に入れよ）を保有しているため、誰も君を止められなくなるだろう。,

"Nothing personal, Adolf",悪いな、アドルフ,ITA,Easy,BBA,1945年以前にイタリアで、アンシュルス前にオーストリアを獲得し、ファシストのドイツと同じ陣営に属さない。,"この領土はイタリア用なんだ 
知っての通りアドルフ・ヒトラーの出身国はオーストリアである。 おめぇの祖国ねぇから!と言いたくなるが「Nothing personal」は「個人的な恨みではない、悪く思わないでほしい。」を意味する。",オーストリアに対してできるだけ早く戦争目的を正当化せよ。彼らの軍隊は実に弱く、併合した後はドイツが決して攻撃してこない。1945年まで待てば実績が解除される。,

Not today,だが今日じゃない,ITA,Very Easy,BBA,コミュニスト・イタリアで、死の淵からアントニオ・グラムシを救い、イタリアの指導者にした後でNF「アヴェニーレの太陽」を達成し、国名を「イタリア社会主義共和国」に変更する。,,共産主義のフォーカスツリーを、「アヴェニーレの太陽」に向けてひたすら急いで進め。,

This time it will stick,今度こそ定着させる,,Easy,BBA,連合国のいずれか（民主主義イギリスと同じ陣営）で、ドイツに和平を強制し、ラインラントを武装解除して非武装地帯化する。,元ネタはゲームで何度でも見かけるラインラント進駐の原因である「ロカルノ条約」。,注：ラインラント州およびモーゼルラント州の非武装化を要求する。,

By Beer Alone,ビールだけで,GER,Medium,BBA,ドイツで、「Budweis」「青島」「Guinness」を直接支配するか、陣営の構成国を通じて支配する。,"今回のDLCである「By Blood Alone」のセルフパロディ第一弾。
どれも有名なビール製造会社である。そしてドイツはビールで有名な国である。
なお｢バドワイザー｣はアメリカのミズーリ州にある会社だが、実績に必要なのは社名の由来になった地名があるボヘミアなので注意。他のふたつは発祥地である青島とレンスターを確保すれば良い。",,https://hoi4.paradoxwikis.com/By_Beer_Alone

By merit alone,手柄だけで,,Hard,BBA,師団長を将軍に昇進させ、最高レベルにする。,今回のDLCである「By Blood Alone」のセルフパロディ第二弾。,注：師団を直接指揮する将軍や元帥は、軍を指揮する元帥よりもはるかに早く経験値を獲得します。「戦いの叫び」または「目覚めし怒り」の実行中に「孫子の再誕」と併用可能です。あるいは「聖なるローマ帝国」と併用することも可能です。,

Snakes on a plane,飛行機に乗った蛇,BRA,Easy,BBA,ブラジルで、空挺師団を使ってローマを占領する。,"WW2におけるイタリア戦線にて連合国側で戦ったブラジル遠征軍の記章はヘビである。
このことが反映された実績であることが窺える。
ただしこの時の遠征軍は空挺しておらず、そもそも空挺部隊もいなかった。
元々ブラジルはWW2に参戦するつもりはなく「蛇が煙草を吸ったら参戦する」とヴァルガス大統領は語っていたが最終的に参戦、マークにタバコを吸う蛇を使用している。",歴史的なシナリオでは、連合国に加入せよ。輸送機工場を設置し、空挺部隊を訓練せよ。重点分野と技術開発、さらに通常兵力の増強により特殊部隊の上限を引き上げよ。連合国がイタリアに侵攻し、ある程度進撃したら、連合国の制空権を利用してローマ周辺に空挺部隊を投入せよ。,

Sapmi united by the fire,サーミ、炎に包まれた団結,Sapmi,Medium,AAT,サーミとしてプレイし、すべての中核州を所有し、支配する。,"サーミは初めから存在せず、中核州がノルウェー、スウェーデン、フィンランドにまたがっており開放する必要がある。
実績画像に使われているものは、サーミ族伝統の白樺のコブをくり抜いて作られる手作りのマグカップ。",,https://hoi4.paradoxwikis.com/Sapmi_united_by_the_fire

Norway Jose,まっぴらごめんさ,NOR,Hard,AAT,ノルウェープレイで、メキシコの全中核州を所有し、支配する。,元となる言葉は「No Way Jose」強い否定である「No Way」に「Jose」を付け加えることで茶化した印象を与える。,,https://hoi4.paradoxwikis.com/Norway_Jose

Pinot Noirway,ピノ・ノワウェー,NOR,Medium,AAT,ノルウェープレイで、ブルゴーニュ州を所有し、支配する。,高級赤ワインに使われるブドウ、ピノ・ノワール(Pinot noir)が元ネタ。,,https://hoi4.paradoxwikis.com/Pinot_Noirway

Cheese your fighter.,チーズの戦い,NOR,Very Hard,AAT,ペーデル・ヤールスバーグを国家元首とするノルウェーで、テレマルク(ノルウェー)、グロスタシャー(イギリス)、ノルマンディー(フランス)、ロンバルディア(イタリア)、ホラント(オランダ)を所有する。,"ペーデルは中道ルートに進めば勝手に選ばれる。
占領すべき土地はすべてチーズの名産地である。",,https://hoi4.paradoxwikis.com/Cheese_your_fighter.

Med plutonium 2,プルトニウムで 2,DEN,Easy,AAT,デンマークでスウェーデンの中核州に核を落とす。,Hoi4発売(2016年)からある実績の反対版。,ファシストに転向し、第二次世界大戦が始まる前に枢軸国に加入せよ。核兵器、戦闘機、戦略爆撃機を揃えるまで全編を戦い抜くか、あるいは『ザ・ダネルー』に寄り道するのもよい。,

Everything is awesome.,すべてはサイコー,DEN,Easy,AAT,デンマークで降伏せず傀儡国にもならず、1941年1月1日以降に福祉の投資を最大にする。,"LEGOはデンマーク生まれであり、実績名は映画化した「LEGO ムービー」の主題歌そのもの。
実績画像もLEGO化したデンマーク首相トーヴァル・スタウニング。",ファシストに転向し、ドイツの侵略から身を守るために枢軸国に加盟せよ。繰り返し勢力均衡の決断を下し、福祉側へ押し進めよ。また顧問を雇い／解雇し、勢力均衡に影響を与えよ。,

The Danelaw,デーンロウ,DEN,Medium,AAT,デンマークでイギリスを征服する。,9世紀後半以来ヴァイキングの支配下に置かれたイングランド東部地域を意味する,,https://hoi4.paradoxwikis.com/The_Danelaw

Vinland,ヴィンランド,ICE,Easy,AAT,アイスランドでニューファンドランドを征服する。,海賊であるヴァイキング(実際はもっと穏健だったそうだが)、が築いた北米大陸の入植地。ニューファンドランド島にあっとされる。,ファシストか共産主義かを選択し、少数の軍隊と安価な潜水艦を建造するための兵力の確保に注力せよ。米国がニューファンドランドを焦点で獲得した場合、通常は1個師団で港を駐屯させる。いずれにせよ、海上侵攻を計画せよ。宣戦布告し、ただ待機する。いずれ侵攻が開始される。,

Brexit,ブレグジット,ICE,Very Easy,AAT,共産主義のアイスランドで、ウェールズ、スコットランド、北アイルランドに蜂起を起こさせる。,"NF「ブリテン諸島への潜入」で解禁されるディシジョンで達成可能。
みなさんご存じイギリスの欧州連合離脱を指す「British」と「exit」の混成語。
イギリスが孤立するのではなく、構成国が孤立するのだ。","共産主義路線を進み、イギリス諸島に浸透せよ。
スパイを用いて共産主義支持率を15％まで高めるか、あるいは歴史的経緯を無視して英国が共産主義化することを期待せよ。
デンマークは「王冠との決別」の焦点を奪取した際に宣戦布告する可能性があるが、海軍による侵攻は稀であるため問題とはならない。
焦点を奪取したら、ウェールズ、スコットランド、北アイルランドでの反乱決定権を得るため、政治力を温存せよ。",

Two Arms Against Tyranny.,専制政治に対抗する2つの武器,FIN,Medium,AAT,フィンランドで他の北欧諸国と陣営を組み、陣営に所属する国が2か国のみの状態でソビエト連邦を降伏させる。,タイトル回収,ウラル語族連邦ガイドに従ってください。最も重要なのは、スカンジナビアを統一した後、派閥を解散したり枢軸国に加入したりせず、代わりにアイスランドを傀儡国家として解放することです。はい、アイスランドはカウントされます。彼らから得られる産業は決して多くありません。あるいは、サーミ地方を解放することも可能です。,

Uralic brothers united,ウラル語族連邦,FIN,Hard,AAT,フィンランドで、ハンガリー、エストニア、サーミ、カレリア、マリ・エル、ウドムルト、コミ、オスチャーク・ヴォグル、ヤマロ、ネネツを傀儡国とする。,Uralicとはウラル語族を指し、フィン・ウゴル語派(サーミ語、フィンランド語、エストニア語など)、サモエード語派(ネネツ語など)が存在する。,,https://hoi4.paradoxwikis.com/Uralic_brothers_united

Lone Wolf,一匹狼,FIN,Hard,AAT,フィンランドで大フィンランドを形成し、陣営に参加することなく全中核州と請求権のある州を所有する。,,,https://hoi4.paradoxwikis.com/Lone_Wolf

No one crosses the finnish line,誰にも国境線を越えさせない,FIN,Very Hard,AAT,フィンランドで1944年9月19までに、ソ連が共産主義のままでフィンランドがファシストでも共産主義でもない状態で、中核州を失わないこと。,"日付は継続戦争の終戦日である。
ゴールを意味する「Finish Line」とフィンランドを表す「Finnish」を指している。
終""戦""まで国境""線""を超えないられようにすればよいいのである。",,https://hoi4.paradoxwikis.com/No_one_crosses_the_finnish_line

Danzig queen,ダンツィヒ・クイーン,SWE,Medium,AAT,スウェーデンで、ダンツィヒを所有する。,スウェーデンの楽曲グループ、ABBAの代表曲の一つ「Dancing Queen」と「Danzig」を掛けている。,,https://hoi4.paradoxwikis.com/Danzig_queen

Caramelldansen,キャラメルダンセン,SWE,Hard,AAT,スウェーデンで日本を傀儡国にする。,"ｳｯｰｳｯｰｳﾏｳﾏ(ﾟ∀ﾟ)
元ネタはスウェーデンの音楽グループ「キャラメル」の曲「Caramelldansen」。
日本では空耳がネタとなりMAD動画が作られ、採取的にキャラメル側が逆輸入している。
実績画像はMAD動画のようにAnime化されたペール・アルビン・ハンソン首相と昭和天皇。
ｳｯｰｳｯｰｳﾏｳﾏ(ﾟ∀ﾟ)",,https://hoi4.paradoxwikis.com/Caramelldansen

The return of the king,王の帰還,SWE,Medium,AAT,追放されたゴットランド王として、スウェーデン本土を奪還する。,"スウェーデンの安定度が50%未満、共産主義への支持率が35%以上、スウェーデン与党が共産主義ではない、ソ連が存在する、以上の条件を満たすとスウェーデン内戦が発生。
後のイベントでゴットランドに退避することを進められ、受け入れた後にスウェーデンを奪還すると達成可能。
実績名は「ロード・オブ・ザ・リングシリーズ三部作」の第3作目と同じ名前。",,https://hoi4.paradoxwikis.com/The_return_of_the_king

Satisfactory,サティスファクトリー,,Very Easy,AAT,MIOを各カテゴリーに最低1つはレベル10以上にする。,"元ネタは実績名と同じ商品を売り出すスウェーデンのビデオゲーム会社(パラド社とは無関係)の工場建設シミュレーションゲーム。
オープンワールドを駆け巡り建設と自動化を進めてゆく。","各カテゴリーのMIOをレベル11以上に上げる必要があります。

次の段階（資金）への進捗は、該当するMIOを研究に割り当てて研究を行うか、または割り当てられたMIOで装備を生産することで得られます。米国は経済力と研究能力に優れているため、米国で行うのが最適です。",

Cod wars,タラ戦争,ICE,Very Hard,AAT,アイスランドで、イギリスを降伏させる。,"元ネタは1958年から1976年にかけて起きた、アイスランドと主にイギリスとの間の一連の漁業権をめぐる争い。
最終的には軍隊が出動し断交まで至っている。勝者はアイスランド、国交も回復している。",,https://hoi4.paradoxwikis.com/Cod_wars

The Magic School Bus,マジック・スクール・バス,SWE,Easy,AAT,スウェーデンでNF「ペール・アルビン・ハンソンバス」で入手可能な師団を、19日以内に南アフリカのケープタウンに到着させる。,"元ネタは同名の絵本、アニメ化もしている。
不思議なスクールバスに子どもたちを乗せて太陽系や恐竜時代など様々なところへ連れて行く作品。",,https://hoi4.paradoxwikis.com/The_Magic_School_Bus

Rumble in the Jungle,ジャングルの決闘,BOL / CHL / COL / ECU / PEL / VEN / BRA / ARG / PAR / URG,Hard,ToA,南米の国家でアマゾンの全州を所有する。,元ネタはボクサーであるジョージ・フォアマンとモハメド・アリが対戦した、プロボクシングWBA・WBC世界統一ヘビー級タイトルマッチ。,『ラメント・ボリビアーノ』に続き、ボリビアを正当化し征服せよ。貴軍の軍勢は、その任務を遂行するのに十分な強大さと規模を備えているはずだ。,

And the snake smoked,そして蛇は煙草を吸った,BRA,Easy,ToA,ブラジルで連合国に加盟、ベルリンを占領しドイツを降伏させる。,BBAの実績にもある通り、ブラジル遠征軍に関するネタ。,ドイツがその陣営における最後の主要国である場合、ドイツを降伏させると戦争が終了し、達成条件は発動しない。バルカン軸国の一国が主要国になる場合を除き、イタリアより先にドイツを降伏させることを推奨する。イギリスを含む陣営は全て「連合国」とみなされる。,

Red Hot Chile Peppers,レッド・ホット・チリ・ペッパーズ,CHL,Hard,ToA,共産主義チリとしてカリフォルニアを支配する。,"元ネタはアメリカ、カリフォルニア州のロックバンド「RED HOT ""CHILI"" PEPPERS」。",チリ帝国と同時進行で可能。,

Bad Ending - The whole world is now Brazil,バッド・エンディング - 世界中がブラジルになった,BRA,Very Hard,ToA,ブラジルですべての州を支配する、,"元ネタはそのままミームの「BAD ENDING - THE WHOLE WORLD IS NOW BRAZIL」
さらに元をたどると「You're Going to Brazil(あなたはブラジルに行く)」という、穴に落ちる人物が「NOOO I DON’T WANNA GO TO BRAZIL NOOO STOP AHHH(やだ、ブラジルなんか行きたくない)」と発言する、ブラジルに行くことを嫌がるGIFミームが元ネタ。",,https://hoi4.paradoxwikis.com/Bad_Ending_-_The_whole_world_is_now_Brazil

A Land of Fire,火の土地,,Easy,ToA,国を問わず、ティエラ・デル・フエゴに核兵器を落とす。,"ティエラ・デル・フエゴとはスペイン語で「火の土地」を意味する。
ティエラ・デル・フエゴは南米の最南端にある。",チリやアルゼンチンなら簡単かつ迅速に。フォーカスツリーの軍事部門の研究ボーナスを活用し、早期に核兵器を入手せよ。チリでは制空権確保のため戦闘機が若干必要となる。アルゼンチンでは、まずWladychfa Gymreigを自由国として解放し、その後戦争目標を正当化すればよい。,

I'm Home!,ただいま!,BRA,Easy,ToA,ブラジルでポルトガルの中核州を占領する。,,このゲームは、君主制ルートでポルトガルを征服するか、共産主義またはファシズムのルートを進み、スペイン内戦の派閥の1つ（または複数）に宣戦布告してイベリア半島に足がかりを築き、降伏した際にポルトガルと国境を接する土地を奪うことから始めることができます。征服する場合は、スペインを占領してポルトガルの傀儡国家に与える方が、その土地に建設を進めやすく、自治権を下げやすくなるため、より簡単に進めることができます。,

Proactive Defense,積極的な防衛,BOL / CHL / COL / ECU / PEL / VEN / BRA / ARG / PAR / URG / Central American ,Hard,ToA,南米国家で共産化し、ワシントンDCを占領する。,実績画像はペンタゴンと呼ばれるアメリカ国防総省本庁舎。,,

The Merry Band,ザ・メリー・バンド,BRA,Hard,ToA,共産ブラジルでランピアォンを指導者にして、ノッティンガムを占領する。,"ノッティンガムはイギリス本土の「イースト・ミッドランズ」に存在する。
ランピアォンとはガンガソという山賊を率いる人物で義賊だと英雄視され、イギリスの伝説的な人物「ロビンフッド」と呼ばれることもあった。
ロビンフッドはイギリスのノッティンガムの森に住んでいたとされる。",,

Somehow He Has Returned,どういうわけか彼はが復活した,ARG,Very Easy,ToA,アルゼンチンの指導者をセニョール・ヒルテルにする。,"アルゼンチンでファシストルートに進みNF「国家警備隊」を達成、その後ドイツが敗北すると彼がやってくる。
なお条件はドイツが敗戦するだけなので、アルゼンチン自身でドイツに引導を渡しても来る。
さらにいえばドイツを傀儡国にしてもヒトラーが死んでるではないので、アルゼンチンのヒルテルとドイツのヒトラーが両立できたりもする。
元ネタはヒトラー生存説、実は生きておりアルゼンチンで再起を図っているというもの。
実績画像の元ネタは、スターウォーズの悪役パルパティーン皇帝。
エピソード6で死亡したと思われていた彼だがエピソード9で復活、ファンはどう生き残ったのかを楽しみにしていたが作中「どういうわけか彼はが復活した(Somehow Palpatine Returned)」と雑に片付けられミームと化した。",歴史的プレイをしてください。ファシスト路線を進み、グアルディア・ナシオナルを占領できるまでファシスト支持を集め、ドイツが降伏するまで待ちます。その後すぐにイベントが発生します。他の条件は必要ありません。あなた自身がドイツと戦争状態にあることも可能です。イベントの最初の選択肢はヒトラーを権力の座に就かせることなので、ずっと放置していても自動的に選択されるはずです。,

URSAL,ラテン・アメリカ社会主義連合,BOL / CHL / COL / ECU / PEL / VEN / BRA / ARG / PAR / URG,Hard,ToA,南米国家で共産化し、南米全土を所有する,"南米とはフォークランド諸島やキュラソーの植民地部分を含む。
URSALとはUnion of Socialist Republics of Latin Americaの頭文字。
元は米州自由貿易地域 (FTAA) を反対し左傾化する南米に対する皮肉であり存在しない政治概念であったのだが、極右により陰謀論に発展した。
ブームが去ったころに2018年のブラジル選挙で存在しないはずなのに再度取り上げられたことで再熱することなる。
実績画像にいるクマは「ケアベア」、子供が安心して成長し願いをかなえるために存在している。2018年の件でなぜか結びついてしまった。",,

Islas Malvinas,マルビナス諸島,ARG,Easy,ToA,アルゼンチンとしてフォークランド諸島とサウスジョージアを73日間連続占領する,"マルビナス諸島とはフォークランド諸島のスペイン語名義。
イギリスの間が領有するフォークランド諸島の領有を主張するアルゼンチンとの間で紛争が発生し、約73日間争いイギリスが勝利し現状維持となった。",注：この実績を達成するのに時間制限は必要ありません。武力で島を占領するか、和平交渉で島を奪取すると、自動的に解除されます。,

Lamento Boliviano,ボリビアの嘆き,ARG,Hard,ToA,アルゼンチンで、ボリビアの初期2州を除く南米全土を所有する,"南米とはフォークランド諸島やキュラソーの植民地部分を含む。
元ネタはアルゼンチンのロックバンド「Los Enanitos Verdes」の楽曲「LAMENTO BOLIVIANO」。
実績画像の泣いている赤ん坊の元ネタは同じく「LAMENTO BOLIVIANO」に使われている画像。",,https://hoi4.paradoxwikis.com/Lamento_Boliviano

Revenge for the triple alliance,三国同盟への復讐,PAR,Very Easy,ToA,パラグアイで同月内にアルゼンチン、ブラジル、ウルグアイに宣戦布告する。,1864年～1870年に発生したパラグアイ対アルゼンチン、ブラジル、ウルグアイのパラグアイ戦争が元ネタ。パラグアイの人口の半分が亡くなったとされる。 ,内戦を避け、共産主義に転向する。最初の約70の政治力を使って、ウルグアイに対する戦争目標を正当化する。これにはほぼ1年かかるはずだ。「三国同盟の影の下で」のフォーカスを取得して、ほぼ同時期に他の2つの戦争目標を取得する。すべての戦争目標を取得したら、単純に3カ国すべてに宣戦布告する。,

The Dragon Rises,ドラゴンは昇る,ARG,Hard,ToA,「ウェールズ・アルゼンチン」でウェールズを支配する。,"アルゼンチン南部にある、イ・ウラディクファ・ジムレイグ(ウェールズ語でウェールズ人植民地を意味する)を開放し移動、イギリスのウェールズを占領する。
アルゼンチン南部にウェールズ人移民が大勢いたことが元ネタ。",,https://hoi4.paradoxwikis.com/The_Dragon_Rises

King of What?,何の王だ?,CHL,Easy,ToA,ジャック・アントワーヌ・ベルナール(アントワーヌ3世)ををチリ国王に据え、パリを占領する。,元ネタはフランス人冒険家のオルリ・アントワーヌ・ド・トゥナンが南米に建国した「アラウカニア・パタゴニア王国」。,"内戦が勃発したら、領土ではなく師団を選択し、「ベテラン軍団兵の動員」フォーカスをできるだけ早く実行してください。アルゼンチンを攻撃する際は、戦争を終結させず、南部で少し攻勢をかけて敵に損害を与えてください。

第二次世界大戦が始まったら、フランスを攻撃して枢軸国に加わってください。ドイツが参加を許可しない場合は、セーブデータをロードすれば参加できるようになります。フランスが降伏したら、ドイツにパリの支配権を要求してください（アルゼンチンとの戦争で十分な戦勝点を得ているはずです）。それでも足りない場合は、アルゼンチンの占領地の一部をドイツに譲渡してみてください。",

True Condor Legion,真のコンドル軍団,BOL / CHL / COL / ECU / PEL / VEN,Very Easy,ToA,ベネズエラ、コロンビア、エクアドル、ペルー、ボリビア、チリのいずれかでドイツに義勇軍を派遣する。,元ネタはスペイン内戦においてドイツから国粋派に派遣された義勇軍のコンドル軍団。 ,ベネズエラやペルーのように、最初から権威主義的な政権を持つ国を選ぶと、物事を早く進めることができます。幅2の師団を大量生産して志願兵派遣の閾値（30）に達し、史実でドイツがポーランドを攻撃したら、志願兵を数人派遣するだけです。世界緊張度が低すぎる場合は、米国に対する宣戦布告を正当化して緊張度を急上昇させます。,

Chilean Empire,チリ帝国,CHL,Very Hard,ToA,北米、南米、アジアの太平洋に面するすべての州を支配する。,,,https://hoi4.paradoxwikis.com/Chilean_Empire

Reconquistadors,レコンキスタドール,ARG / CHL,Medium,ToA,アルゼンチンまたはチリで国民精神「コンキスタドールの精神」を保有した状態で、スペインの本土中核州を占領する。,"国民精神はチリではNF「ペドロ・デ・バルディビアの征服者たち」、アルゼンチンではNF「国家ファシスト運動」で手に入る。
コンキスタドールとはスペイン語で「征服者」を意味し新大陸を探検した者を指し、レコンキスタとはレコンキスタはスペイン語で「再征服」を意味する。","アルゼンチン：ファシスト路線を進み、「国民ファシスト連合」まで到達したら、産業と強力な軍隊を育成しましょう。イタリアから軍事通行権を取得するか、フォーカスを通じて枢軸国に加わるのも良いでしょう。いずれにせよ、スペイン内戦が終結し、軍隊の準備が整ったら、スペインに海軍侵攻を仕掛けましょう。スペイン軍は装備が乏しいものの、あなたが築いた橋頭堡を攻略しようと必死に抵抗してくるでしょう。これにより、スペイン軍は急速に装備不足に陥り、容易に制圧できます。

（軍事通行権を持つ国からのみ海軍侵攻を行う場合、まず自国から実際の目標地点まで海軍侵攻計画を策定する必要があります。例えば、ブエノスアイレスからサルデーニャ島まで海軍侵攻計画を策定すれば、サルデーニャ島から作戦を立案できるようになります。）",

"Hispanics of the world, unite!",万国のヒスパニックよ、団結せよ!,CHL,Very Easy,ToA,チリでヒスパニック同盟を結成し、自分の陣営に少なくとも8つのヒスパニックを国家を持つ。 ,"ファシストルートに進みNF「ヒスパニック同盟」を達成し、ヒスパニック国家を陣営入りさせる。
元ネタは共産主義に関して最も有名なスローガン「万国の労働者よ、団結せよ! (WORKERS OF THE WORLD, UNITE!)」。",ファシスト路線を急いで進み、ヒスパニック同盟のフォーカスを取得して、ファシストまたは非同盟のヒスパニックアメリカ諸国すべてを招待します。彼らが招待を受け入れる確率は 80% です (意見や外交圧力とは無関係)。1936 年時点で、これらの国はアルゼンチン、ドミニカ共和国、エルサルバドル、グアテマラ、ニカラグア、ペルー、ウルグアイ、ベネズエラで、ボリビアとパラグアイは後で寝返る可能性があります。注: フォーカスは一度しか実行できないため、できるだけ多くの国が対象となるときに取得するようにしてください。フォーカスイベントが発生すると、征服しない限り、拒否した国や当時対象外だった国を追加することは非常に困難になります。戦争中でない限り、受け入れてもらうには、ファシスト支持率 30%、ファシスト政権、意見 +100、外交圧力 100%、そしてあなたと国境を接しているなどの特別な要因が必要です。,

"Cisplatine War 2, Electric Boogaloo",第二次シスプラティーナ戦争、エレクトリックブガルー,BRA / ARG,Medium,ToA,ブラジルかアルゼンチンのどちらかでプレイし、ブラジルかアルゼンチンと交戦中にウルグアイと陣営を組む。,"シスプラティーナ戦争とはブラジル帝国対リオ・デ・ラ・プラタ諸州連合(現アルゼンチン)の戦い。
最終的に英仏の仲介によりウルグアイが独立することとなる。
ブガルーとは主にニューヨークで流行したラテン音楽の一種。",歴史的設定でアルゼンチンとしてプレイします。フォーカスツリーのファシスト側を進み、「足がかりの確立」フォーカスを選択してウルグアイに対する戦争目標を取得します。その後の和平交渉でウルグアイを倒し、傀儡国にします。ファシズムの人気が60%に達したら、フォーカスツリーをさらに進み、独自の派閥（アルゼンチン・ファースト）を作成するか、枢軸国に加わります。ファシストツリーの下の方で、「古き敵」フォーカスが見つかり、ブラジルに対する戦争目標が得られます。宣戦布告すると、実績が解除されます。,

America Decolonized!,脱植民地化されたアメリカ,CHL,Insane,ToA,マプチェ・チリとして 北米と南米のすべての先住民を解放する,,,https://hoi4.paradoxwikis.com/America_Decolonized!

Antischluss,反シュルス,AUS,Easy,Got,オーストリアでドイツの初期州をすべて支配する。,"ドイツ語の「接続・連結」意味し、転じてドイツのオーストリア併合を指す「Anschluss」と「反対」を意味する「Anti」を掛けている。
実績画像はUNOのリバースカードが元ネタ。","4,502まず、ドイツとの国境沿いに要塞を最大限に建設しましょう。基礎産業と電子機器の研究が完了したら、対空砲の研究を行い、要塞建設後にチロルとオーバーエスターライヒに最大規模の対空砲陣地を構築します。スパイ機関を設立し、外交圧力アップグレードを開発しましょう。 「5月憲法の廃止」「オーストリア帝国連合」「貴族院の復活」の国家方針を取得してください。次に、シリングの切り下げを目指します。「反乱軍備増強」に進む前に、「建築技術の進歩」を取得してください。政治力が十分に高まったら、アドルフ・シェールフを雇用し、動員法を部分動員に変更し、アドルフ・ホッホを雇用します。「反乱軍備増強」を取得したら、標準歩兵テンプレートを18部隊訓練してください。 外交的併合決定のために政治力を確保しておきましょう。スパイを外交圧力に投入し、ハンガリーに圧力をかけ、「ハンガリー服従要求」フォーカスを実行しながら不可侵条約を締結します。次に、ポーランドに対しても同様の行動を取ります。直後に「古き地の征服」を実行してください。ハンガリーに対しては産業買収の決定を行い、その後、ハンガリーをオーストリア＝ハンガリー帝国の属国に招聘してください。チェコスロバキアに対しては、反乱を起こして国境演習を実施し、属国となるよう招聘してください。ハンガリーとチェコスロバキアは通常、「受け入れる可能性が高い」という条件を満たせば招聘を受け入れます。スパイをポーランドからユーゴスラビア、そしてルーマニアへと移動させ、両国に不可侵条約を提案してください。必要であれば、これらの国々との関係を改善してください。これら3カ国との関係を最大化するには、属国となる招聘を送る前に、産業買収と合同軍事演習を実施してください。時間があれば、アルバニアに対しても同様の手順を踏んでください。 「古き地の征服」の後は、オーストリア連邦軍、そしてフランツ・ベーメ計画を経て「改良された戦争戦略」へと進んでください。 「シリング切り下げ」のアイデアが期限切れになったらすぐに、「フェニックス保険の再建」と「オーストリア大経済推進」のフォーカスを取得してください。その後、「不可分にして不可分」のフォーカスツリーを開始してください。 この過程を通して、政治力25を消費して中核領土の師団防衛を強化し、軍最高司令部周辺の安全保障を強化する決定を必ず行ってください。アンシュルスは間もなく起こります。ドイツが宣戦布告したらすぐにイタリアとの不可侵条約締結を目指してください。 ドイツが宣戦布告したら、要塞の防衛に集中し、ルーマニア、ハンガリー、ユーゴスラビア、チェコスロバキアを参戦させても構いませんが、ポーランドは参戦させないでください。「シレジア問題」のフォーカスを取得し、イタリアへの領有権主張を更新することで「より良いドイツ国家」を目指してください。ドイツと同時にソ連と戦争することを避けるため、この過程でソ連との不可侵条約を締結しておくことをお勧めします。時間をかけて全てのドイツ諸邦を統合/中核州化する決断を下しましょう。 戦争中は、戦車師団と機動力の高い師団を包囲するように努めてください。これは非常に効果的です。包囲が成功すれば、ポーランド参戦のリスクを軽減できます。連合国が参戦するまで持ちこたえ、枢軸国を容易に打ち破りましょう。戦争中にできるだけ多くのドイツ領土を支配し、統合することで、講和交渉で領有権を主張する際のコストを抑えることができます。全ての州を中核州化する前に枢軸国が敗北した場合でも、ドイツ共和国はフランスやイギリスの傀儡国や属国ではなく、連合国にも属していないため問題ありません。人的資源が大幅に増加し、歩兵部隊の編成を編集したり、必要に応じて砲兵や対空砲を追加したり、オーストリア＝イタリアを併合したりすることも可能です。その後、ソ連が宣戦布告してきます。ソ連軍を包囲するのに十分な動員歩兵部隊を編成しましょう。ドイツ共和国に宣戦布告し（可能であれば「併合国」を宣戦布告理由として使用）、ドイツ共和国を制圧すれば、弱体化させることができます。彼らが日本に加わる可能性があり、その場合、戦争を終結させるには日本を倒す必要があります。 いずれは「千年連邦」のフォーカスを目指して、属国併合を容易にしましょう。オーストリア＝ハンガリー帝国の属国は傀儡国に昇格することはないので、その点は心配いりません。ソ連との戦争後、軍事力を増強し、領土を併合してオーストリア＝ハンガリー帝国を建国することを目指しましょう。それでもドイツ領土をすべて奪取できない場合は、「保証国との戦争」のフォーカスで連合国への攻撃準備を整えましょう。フランスはオーストリア＝イタリア経由で比較的容易に降伏させられるはずです。その後、連合国のドイツ傀儡国は十分に小さくなるので、容易に制圧できるでしょう。海からの侵攻を防ぐため、沿岸部に防衛線を構築しておきましょう。 すべてのコアを統合すれば、戦争中でも実績が解除されるはずです。 ",

"No Friends, Only Family",友なし、家族のみ,AUS / HUN,Easy,Got,ハプスブルク家の君主が率いるオーストリアまたはハンガリーで、スイス高原の州を支配し、少なくとも他の3つの国をハプスブルク家の人物が率いるようにする。,ハプスブルク家がスイスのハプスブルク城に由来することが元ネタ。,155ハンガリーとチェコスロバキアを併合する。 オーストリア＝ハンガリー帝国を建国する。ハンガリーとチェコスロバキアを解放する。 ハプスブルク家を王位に就かせるための選択肢が提示される。 ,

Edelweiss Seedelweiss,エーデルワイス　シーデルワイス,AUS,Very Easy,Got,オーストリアで海岸、最低10隻の戦艦、ゲオルク・フォン・トラップ提督を所有する。,"エーデルワイスとはオーストリアを象徴する花で、実績画像にも使われている。
おそらく種を指す「Seed」と掛けていると思われる。
トラップ提督は実在するオーハンの提督であり1959年の映画「サウンド・オブ・ミュージック」の主要人物、自身はHoi4のスイスに出現することも。
また映画には書き下ろしの曲「エーデルワイス」も登場する。",ゲオルク・フォン・トラップは、「提督の昇進」フォーカスを完了してから15～20日後に、イベントを通じてオーストリアに加わることができます。,

Otto-man,オットー・マン,AUS / HUN,Medium,Got,オットー・フォン・ハプスブルク率いるオーストリアまたはハンガリーで、オーストリア、ハンガリー、チェコスロヴァキア、ルーマニア、ブルガリア、ギリシャ、トルコの初期領土と、ポーランド領ガリツィア、スロベニア、クロアチアの全州を支配する。,オットー(Otto)とオスマンの英語読みであるオットマン(Ottoman)を掛けたギャグ。 ,注：実績の説明には記載されていませんが、ロンバルディア＝ヴェネツィア州が必要です。,https://hoi4.paradoxwikis.com/Otto-man

Spaak of Genius,天才のひらめき,BEL,Medium,Got,ベルギーでポール＝アンリ・スパークを指導者にして、最低10個の特別計画を研究する。,"天才の""ひらめき""(""Spark"" of Genius)とポール＝アンリ・""スパーク""(Paul-Henri ""Spaak"")を掛けたギャグ。
スパーク氏はベルギー首相を3回、NATOやEU、国連の要職を務めた実際すごい方。",ドイツが歴史的な道を辿らないように注意しましょう。欧州評議会に急いで向かい、できるだけ多くの国を招待しましょう。海軍および航??空宇宙施設は、最も短い特別プロジェクトを持っています。,

Brentry,ブレントリー,AUS / BEL / HOL,Medium,Got,オーストリア、ベルギー、オランダのいずれかでEUのリーダーとなり、イギリスを自陣営に加入させる。,イギリスのEU離脱を指す混合語「Brexit」 (British+Exit)を反対に、「Britis」に「Entry(加盟)」を掛けた言葉遊び。,,https://hoi4.paradoxwikis.com/Brentry

The 501st Legion,501部隊,BEL,Easy,Got,ベルギーで、国民精神「レクシスト軍団」を持ち、開始時点の隣国の首都をすべて支配する。,"アムステルダム(オランダ)、ルクセンブルク(同名)、パリ(フランス)、ベルリン(ドイツ)
スターウォーズで登場する戦闘部隊「501大隊」の指揮官「キャプテン・レックス(Captain Rex)」が元ネタ。
ラテン語で「国王*3」を指す「Rex」と上述の「Rex」を掛けた言葉遊び。
また「The 501st Legion」と名前を冠したスターウォーズのコスプレ、チャリティー団体が存在する。",この実績は戦争中に獲得できますが、実績を解除するには、指定された州のすべての州を占領する必要があります。最も速い方法は、レクシストルートを使用してファシスト化し、オランダ領東インド諸島を正当化してルクセンブルクとオランダを併合することです。枢軸国に加わり、国力を増強してドイツを攻撃しましょう。,https://hoi4.paradoxwikis.com/The_501st_Legion

Congolese Belgium,コンゴ領ベルギー,COG,Easy,Got,ベルギー領コンゴで独立し、ベルギーの初期領土を支配する。,占領だけで良い　史実ONでフランス降伏と共に枢軸に入ってアフリカを荒らし、戦勝点を稼いでドイツ様から譲渡して貰うのが速い,,https://hoi4.paradoxwikis.com/Congolese_Belgium

The Lenin Boys are Back in Town,レーニンらは町へ,HUN,Hard,Got,共産ハンガリーで「Lenin-fi?k」を取り戻し、レニングラードを制圧する。,"アイルランド出身のロック・バンド「シン・リジィ」が1976年に発表した楽曲「The Boys Are Back in Town(ヤツらは町へ)」と後述の「Lenin Boys」を掛けている。
Lenin-fi?k(Lenin Boys)とはハンガリー評議会共和国の準軍事組織。
1919年にハンガリー・ルーマニア戦争でルーマニア軍やホルティ提督の反共義勇軍に敗北し処刑された。
実績画像には組織の幹部サミュエリ・ティボールとレーニン本人が赤の広場で撮った写真が使われている。
レーニンが建国したソビエトに攻め込むのは親不孝と思うかもしれないが、スターリンはレーニンと対立しており、ハンガリー評議会共和国の外務大臣クン・ベーラが後に大粛清に巻き込まれ死亡したことを考えればむしろ親孝行ともいえる。",,https://hoi4.paradoxwikis.com/The_Lenin_Boys_are_Back_in_Town

A Great Hunger,大ハンガー,HUN,Medium,Got,ハンガリーで大ハンガリーを宣言し、歴史上のすべての州を支配する。,大ハンガリー(Great Hungary)と大飢饉(Great Hunger)を掛けている。,この実績を解除するには、「大ハンガリー宣言」の「神々の黄昏」バージョンが必要であり、このDLCがないと解除されません。,https://hoi4.paradoxwikis.com/A_Great_Hunger

Weltpolitik,世界政策,GER,Medium,Got,ドイツで旧植民地をすべて支配する。,ドイツ(第2)帝国の外交および植民地政策を意味する言葉。,,

Naval Arms Race,建艦競争,GER,Easy,Got,ドイツで提督を指導者にして、イギリスを降伏させる。,この場合、WW1までに発生した英独間の建艦競争を指す。,"フォーカスツリーの「ヒトラーに反対する」ブランチを進んでください。フォーカスツリーの進行状況に応じてイベントが発生します。「ドイツ海軍の忠誠を確保する」を選択してください。決定タブで特定の海軍フォーカスの進行状況を示す時間制限イベントを失敗してください。時間制限イベントが失敗すると、別のイベントが発生します。エーリヒ・レーダーを権力の座に就かせる決定を選択してください。イギリスに対する宣戦布告を正当化または達成し、イギリスを降伏させてください。
注：この実績はイギリスの降伏を必要としますが、ドイツが降伏の引き金を引いたかどうかはチェックされません。イギリス内戦の終結によっても獲得できます。",

Woman in a High Castle,高い城の女,GER,Hard,Got,ドイツで女性を指導者にし、アラスカとハワイを含むアメリカを併合するか、アラスカとハワイを含むアメリカの全初期領土を所有するアメリカの傀儡を持つ。,"枢軸国が勝利した世界で、アメリカをロッキー山脈沿いに分割し大日本帝国が西側をドイツが東側を持つ世界を舞台にした小説「高い城の男(The Man in the High Castle)」が元ネタ。
実績画像ではアニメ映画「塔の上のラプンツェル」の塔が使用されている。",ドイツの女性指導者には、ヴィクトリア・ブラウンとエヴァ・ブラウン姉妹がいる。,https://hoi4.paradoxwikis.com/Woman_in_a_High_Castle

American Prometheus,原爆の父,USA,Very Easy,Got,アメリカでロバート・オッペンハイマーにマンハッタン計画を達成させる。,オッペンハイマーの伝記本「オッペンハイマー 「原爆の父」と呼ばれた男の栄光と悲劇(American Prometheus: The Triumph and Tragedy of J. Robert Oppenheimer)」が元ネタ。,"核研究施設を建設し、科学者を雇用して運営させましょう。マンハッタン計画に急いで着手してください。中立法を選択することで最速で到達できます。原子研究とすべてのコンピューター研究を事前に進めておきましょう。物理学のブレークスルーを促進するために、レーダー研究も進めておくと良いでしょう。

パイル1原子炉には任意の科学者を配置できますが、マンハッタン計画には必ずオッペンハイマーを選ばなければなりません。研究の過程で発生する様々な事象や決定事項を必ず確認してください。オッペンハイマーをプロジェクトから外すか残すかを選択するイベントが発生した場合は、残すようにしてください。プロジェクトが完了すると、実績が解除されます。",

Tsar Bomba,ツァーリ・ボンバ,SOV,Medium,Got,帝政ロシアで熱核爆弾の特別計画を達成する。,"冷戦下のソビエト連邦が開発した爆発規模が最大の水素爆弾が元ネタ。
広島原爆「リトルボーイ」の約3300倍もの威力を持ち、衝撃波は地球を3周したとされる。",内戦に勝利しましょう。史実モードが有効になっているかどうかによっては、ドイツが攻撃してこない可能性もあります。いずれにせよ、核研究施設を建設し、優れた特性を持つ科学者を雇用して、画期的な発見と研究速度の向上を図りましょう。,

Super Heavy Metal,スーパーヘヴィーメタル,USA,Very Easy,Got,大陸間爆撃機、陸上巡洋艦、超重戦艦の特別計画を達成する。,ヘヴィメタ(物理),"最も簡単なのはアメリカ合衆国です。

注：2つの特殊プロジェクトには特定の研究の完了が必要です。大陸間爆撃機には改良型大型機体、ランドクルーザーには超重戦車シャーシが必要です。",

Backfire,しっぺ返し,ENG,Easy,Got,英国で中距離弾道ミサイルの特別計画を達成し、ロケット基地を持ち、ドイツと戦争状態にある。,"WW2において、ドイツはV-1飛行爆弾と呼ばれる巡航ミサイルの始祖とも言える兵器を多くイギリスに投下していたことが元ネタ。
やられたらやり返す、倍返しだ。",「ブルズアイ」と併用できます。航空研究施設を建設し、科学者を配置してください。弾道ミサイル、次に中距離弾道ミサイル（MRBM）を研究してください。ロケット発射基地を建設することを忘れないでください。史実通りにプレイした場合、ドイツと戦争状態になっているはずなので、実績が解除されます。,

Dam It!,ダムッ!,GER,Very Easy,Got,ダム破壊襲撃を成功させる,悪態をつく言葉である「Damn it」と水をせき止めるダム(Dam)を掛けている。,ドイツとして、ベルギーからダムへの襲撃を実行することで可能,

Bullseye,大当たり,,Very Easy,Got,ランドマークへの襲撃に成功する。,"的の中心を意味し、転じて大当たり、命中を意味することもある。
実績画像ではビックベンの時計部分が的になっている。",,https://hoi4.paradoxwikis.com/Bullseye

The True Successor,真の後継者,LUX,Very Hard,Got,シャルル・マルクスが指導者の共産ルクセンブルクで、ブリュッセル(ベルギー)とトリーア(ドイツ)の両方を支配する。,"トリーアは共産・社会主義の生みの親である「カール・マルクス」の生まれ故郷であり、ブリュッセルはマルクスが長らく亡命していた土地である。
なおシャルル・マルクスは共産主義者ではあったが、別にカール・マルクスの血縁ではない。
占領するだけで良いので初手国粋主義扇動家を雇ってファシスト化後に枢軸入りしてドイツによる宣戦を回避
枢軸入りした後に国粋主義扇動家を共産主義革命家に入れ替えて共産化
独ソ戦開始後に枢軸を脱退して最速で共産入り+戦争参加して空挺なりで両都市を落とすのが楽か",,https://hoi4.paradoxwikis.com/The_True_Successor

Graveyard of Empires,帝国の墓場,AFG / PER / IRQ / RAJ,Hard,GoE,アフガニスタン、イラン、イラク、またはインド帝国で、他3つの国の開始時の州をすべて支配する。,"タイトル回収。
帝国の墓場とは、険しい気候、地形を持つアフガニスタンを指す言葉。
近現代において大英帝国、ソビエト連邦、アメリカ合衆国を、遡ればマケドニア帝国やモンゴル帝国達を返り討ちにしたことからそう呼ばれる。",イギリス領インドとしてプレイします。ムガル帝国の反乱に関するフォーカスを取得します。正しく行えば、内戦中にインド領インド全土を奪取することが可能です。フォーカスを使用して、アフガニスタン、新疆、イラン、イラクの順に攻撃し、併合します。最大の難点は、イラクを獲得できるのは1940年後半までしかないことです。それ以降になると、イラクはイギリスの傀儡国になってしまいます。（イギリス領イラクを降伏させることで実績を獲得することはできますが、その場合は連合国との戦争に巻き込まれてしまいます。）難易度：イギリス領インドでは中程度、他の3つの国では難しいから非常に難しい。,

This achievement is dedicated to the brave soldiers of...,この実績をすべての...戦士たちに捧げる,AFG,Hard,GoE,アフガニスタンとしてソ連を降伏させる。,"元ネタはアフガニスタンのゲリラ（ムジャーヒディーン）と共闘してソ連と戦う1988年の映画「ランボー3/怒りのアフガン」のテロップ「THIS FILM IS DEDICATED TO THE BRAVE MUJAHIDEEN FIGHTERS OF AFGHANISTAN.（この映画はアフガニスタンの勇敢なムジャヒディーン戦士たちに捧げられています）」。
しかし2001年のアメリカ同時多発テロ事件により、アフガニスタンを運営していたムジャヒディーンの後継組織「タリバン」と関係悪化、開戦してことでテロップが「THIS FILM IS DEDICATED TO THE GALLANT PEOPLE OF AFGHANISTAN.（この映画はアフガニスタンの勇敢な人々に捧げられています。）」に差し替えられてしまう……。
…のは真っ赤なウソ、ただの都市伝説（マンデラ効果）であり、初めから後者の「This film is dedicated to the gallant people of Afghanistan.（この映画はアフガニスタンの勇敢な人々に捧げられています。）」を使用していた。
この一連の流れがミームとなり、パラドに採用されるに至る。実績画像にもランボーが描かれている。
「soldiers of」の後ろにはプレーヤー名でも付くのだろうか?
なお日本では「この映画をすべてのアフガン戦士たちに捧げる」と訳していた。",注：ソ連を降伏させた国としてカウントされるには、全参加国の中で最も高い戦争スコアを獲得する必要があります。ドイツと共闘する場合、必要な参加スコアを獲得するのは非常に困難なため、より簡単な方法として、和平協定でソ連から1つの州を併合し、独立国として解放した後、直ちにその州に対して宣戦布告するという方法があります。このようにしてソ連を再び降伏させれば、実績は達成できるはずです。,https://hoi4.paradoxwikis.com/This_achievement_is_dedicated_to_the_brave_soldiers_of...

I have the high ground,地の利を得たぞ,AFG,Medium,GoE,アフガニスタンとして、ヒマラヤ山脈のある全ての州を支配する。,"元ネタは「スター・ウォーズ エピソード3／シスの復讐」。
アナキンVSオビ=ワンのシーンで、マグマにある不安定な足場で戦う中、途中でオビ=ワンが安定する陸地に飛び移り言い放ったセリフ。
これだけなら何の変哲もないが、「high ground」が「戦闘で優位に立つ」と「物理的に高所に立つ」といった2つの意味があり、オビ=ワンが移った場所がアナキンより高いとこにあったことから「どっちなんだ…?」と向こうではネタにされている。
そして実績では「have」に焦点が当たり「高所は私の物（物理）」となっている。
なお日本では意訳、珍訳、誤訳を繰り返すスペシャリストである戸田奈津子女史の手により「地の利を得たぞ」と訳されている。",,https://hoi4.paradoxwikis.com/This_achievement_is_dedicated_to_the_brave_soldiers_of...

Savior of the holy lands,聖地の救世主,AFG,Medium,GoE,アフガニスタンとして、パレスチナとメッカを所有する。,,,https://hoi4.paradoxwikis.com/This_achievement_is_dedicated_to_the_brave_soldiers_of...

Cradle of Civilization,文明のゆりかご,IRQ,Very Easy,GoE,イラクで、全中核州のインフラを最大まで建設し、安定性を100%にする。,元ネタは「古代メソポタミア文明」の発祥の地であるメソポタミアが、おおむねイラクに位置したことから。,「Graveyard of Empires」なしでも実行可能です。労働者の労働条件を改善し、反ファシスト襲撃を実行して安定性を高める決定を下すだけです。すべての州で最大限のインフラを構築します。建設努力とインフラ努力のフォーカスを取得して、物事を加速させます。,

Oil Sheiks,石油王,IRQ,Easy,GoE,イラクで500の石油を産出する。,,,https://hoi4.paradoxwikis.com/Oil_Sheiks

Revenge for 1925,1925年の復讐,IRQ,Easy,GoE,イラクで、ハシミテ・アラブ連邦を結成し、サウジアラビアを倒す。,1925年はイラク王であるガージー1世のおじいさんと伯父が在位してしたヒジャーズ王国が、後のサウジアラビアであるナジュド・スルタン国に侵攻を受け併合されたことを指す。,注：アラブ連邦ハシミテ・アラブ連邦の装飾タグは、ハシミテ・アラブ連邦の国家方針を完了することによってのみ入手できます。,

Avenging the Sack of Baghdad,バグダード略奪の復讐,IRQ,Medium,GoE,イラクでモンゴルの首都を制圧する。,"元ネタは、1258年にアッバース朝がモンゴル帝国に侵攻されたバグダードの戦い。
この戦いでアッバース朝は滅び、民間人が20万～200万人も亡くなったとされる。",単純にファシスト政権を樹立し、ドイツと手を組んでソ連を攻撃すればいい。モンゴルはドイツ陣営に加わるはずなので、戦勝点はほとんど必要ないだろう。,

That's Sikh!,それはシク教です!,Khalistan,Easy,GoE,Khalistan（カリスタン）として、開始時のインド領土をすべて支配する。,元ネタは、シク教の信徒集団「カールサー」の国を意味する「カリスタン」をパンジャブ州周辺で起こしたい人たちを意味する。,注：アデン州（992）は必須ではありません。,https://hoi4.paradoxwikis.com/That%27s_Sikh!

Pesky Greeks,厄介なギリシャ人,PER,Medium,GoE,イランで、ギリシャの中核州すべてを所有する。,元ネタは、イランに位置していたアケメネス朝ペルシア帝国の侵攻を古代ギリシアが打ち破ったことから。,『キュロス大王の遺産』と併せてプレイできます。,

The Sands of Time,時間の砂,PER,Hard,GoE,イランで、中東全体を所有する。,プリンス・オブ・ペルシャ 時間の砂（Prince of Persia: The Sands of Time）というゲームが元ネタか?,"「キュロス大王の遺産」と同時に達成可能です。
注：この実績における中東とは、戦略地域（空域）ではなく、大陸全体を指します。",

The Legacy of Cyrus the Great,キュロス大王の遺産,PER,Very Hard,GoE,イランで、かつてのアケメネス朝の領土の所有する。,国家形成「ペルシア帝国の再建」を達成すればよい。,,https://hoi4.paradoxwikis.com/The_Legacy_of_Cyrus_the_Great

From Tehran with Love,テヘランより愛をこめて,PER,Easy,GoE,イランでポーランドに独立保証を行い、1945年まで降伏させない。,"元ネタは小説「007 ロシアから愛をこめて」（From Russia with Love）、後に映画化される。
実績画像にも007がシルエットとして描かれている。
またテヘラン会談という、WW2で開催された米英ソの首脳会談にて、戦後のポーランド国境が話し合われたことや、ポーランド難民がテヘランに避難したことも元ネタか。",,https://hoi4.paradoxwikis.com/From_Tehran_with_Love

It's Just Good Business,全ては利益のため,RAJ,Very Easy,GoE,東インド会社で、スエズとパナマを所有する。,"元ネタは、映画「パイレーツ・オブ・カリビアン」に登場する、東インド会社の権力者「カトラー・ベケット」の口癖から。
実績画像にも彼ががシルエットとして描かれている。
東インド会社とはインドのこと。","敵対的買収の国家方針を最優先で進めましょう（ただし、C-Suite（経営幹部）の国家方針をアンロックするには、会社設立後すぐに「少額配当」の決定を実行する必要があります）。敵対的買収を実行すると、イギリスとアメリカからC-Suiteを買収する決定がアンロックされます。民間工場を増やす国家方針はすべて優先的に進め、同時に工場数を増やしましょう。1938年末までに、両方のC-Suiteを買収できるだけの工場数を確保できるはずです。

注：東インド会社の外観タグは、「東インド会社の設立」の国家方針を完了することでのみ獲得できます。",

Media Mughal,メディア・ムガル,RAJ,Medium,GoE,ムガル帝国で、諜報機関の「心理戦」のアップデートを行い、諜報活動主導国になり、少なくとも8人の諜報員を雇用する。,,注：ムガル帝国の装飾タグは、「シルクロードの拡大」を完了する前に「亜大陸の統一」国家方針を完了した場合にのみ獲得できます。この実績は「道は見つける、なければ作る」と組み合わせることができます。,https://hoi4.paradoxwikis.com/Media_Mughal

"Oh, how the turntables","おお、形勢""回転""だな",RAJ,Hard,GoE,インドで、チャーチルがリーダーのイギリスを傀儡国にする。,"元ネタは、イギリスのドラマ「The Office（ジ・オフィス）」を元にアメリカで再制作されたドラマ「The Office（ジ・オフィス）」に登場するセリフ。
おバカな主人公マイケルが、形勢逆転を意味する「turning the tables」をレコード・プレーヤーのレコードを載せる回転する円盤や転車台を意味する「turntables」と混同したことから。
チャーチルはインド人や文化を見下しており、独立を反対していた。",,"https://hoi4.paradoxwikis.com/Oh,_how_the_turntables"

I'm just passing by,ちょっと通りますよ,RAJ,Medium,GoE,インドで平和状態で各大陸に州を所有する。,,最も簡単なのは東インド会社です。すべての大陸で国家を獲得する方法は次のとおりです。Just Good Business を使用すると、英国海軍を使用して英国からオランダへの海軍侵攻により、西パプア (669) (オーストラリア)、キュラソー (695) (南米)、およびオランダ (ヨーロッパ) の任意の国家を獲得できます。次に、バミューダ (696) (北米)、フランス領ソマリランド (268) またはマダガスカル (543) (アフリカ)、およびアレクサンドレッタ (799) (中東) を購入できます。または、It's Just Good Business 実績も獲得したい場合は、中東と南米の要件を満たすためにスエズ (446) とパナマ運河 (685) を購入することもできます。,

I shall either find a way or make one,道は見つける、なければ作る,RAJ,Hard,GoE,ローマを支配し、その州に象師団を配置する。,"元ネタはカルタゴと共和政ローマの戦いである第二次ポエニ戦争で、戦象はアルプスを越えられないと嘆く将軍に対し、軍最高司令官であるハンニバルが言ったとされる名言。
実際にハンニバルはアルプス越えを成功させた。しかし戦争そのものはローマ側の勝利となった。",象はムガル帝国ルートでのみ利用可能です。この実績は「メディア・ムガル」と組み合わせることができます。,https://hoi4.paradoxwikis.com/Media_Mughal

Battle Royale,バトルロイヤル,PRC,Medium,NCNS,中華ソビエト共和国（中華人民共和国）として、1940年までに中国と日本の両方と戦争状態になってから90日以内に開戦し、両国を降伏させる,開戦が40年までで、降伏させる時期は自由。,"注：要件がやや曖昧で、バグがある可能性もあります。安全のため、中国と日本への宣戦布告の間には少なくとも1日の間隔を空けてください。そうすることで、（まだ存在するかもしれない）バグを回避できるはずです。

1940年までに中国と日本に宣戦布告する必要があります。一方、降伏には時間制限はありません。例えば、私は1942年末までに実績を解除しました。「降伏」の要件は、中国との戦争と日本との戦争でそれぞれ最高得点を獲得することです。

最も簡単で、おそらく最も確実な方法（他の人がどう主張しようとも）は、歴史的シナリオをオフにして、日本が民主主義/共産主義ルート（政治フォーカスツリーの左側）に進むまでリセットすることです。こうすることで、日本は中国を攻撃せず、両国との戦争準備に約4年間を費やすことができます。ただし、中国との戦争で非常に悪い結果が出た場合は別です。日本の政治的未来が決定されるイベントは50日後に発生するため、リセットしても多くの時間を無駄にすることはありません。


準備期間中は、まず経済基盤の強化に注力しましょう。フォーカスツリーの中央ルートを進み、「CSCEC ? 軍事産業の特化」まで進めてください。「特殊商品の貿易許可」と「紙幣の普及促進」は必須ではありませんが、取得しておくと有利です。その後、フォーカスツリーの右側に進み、「三規律の徹底」を取得して、「ウランフとの協力」まで進めてください。工場は1つを砲兵生産に、残りを銃器生産に充てましょう。後々、列車、対空砲、トラック生産も追加できます（ただし、銃器と砲兵を安定的に生産できるようになってからにしてください）。

軍隊に関しては、民兵に重点を置き、最初の100政治力は朱徳に投資して軍事経験値を獲得しましょう。ドクトリンは「大規模攻撃」のままにして、サブドクトリンとして「ゲリラ戦」「人民民兵」、そして少し後に「砲兵と戦闘支援」を選択してください。時間をかけて民兵テンプレート（人民民兵）を戦闘力20まで増やし、支援砲兵を追加してください。さらに可能であれば、支援対空砲と砲兵大隊を1個追加してください（これにより戦闘力は22.2になります）。

「ウランフとの協力」が完了したら、フォーカスツリーの左側に進み、「西方拡大」と「東方遠征」を取得してください。この時点で、あなたの軍隊は国境戦争に容易に勝利できるほど強力になっています。「不本意な二頭政治」と「隣国軍閥への宣戦布告」に進んでください。国境戦争で獲得した工場を使って、（まだ行っていない場合は）民兵を戦闘力20まで増やせるはずです。これは山西省、東北軍、甘粛軍、寧夏軍を壊滅・併合するのに十分な戦力です。その間、浸透ルートを進み、その後「軍閥の忠誠を要求する」目標に取り組みましょう。運が良ければ山東省も獲得できます。

1939年11月までに「占領軍の追放」と「先制攻撃」の目標を必ず達成し、戦争目標を準備しておきましょう。支援付きの民兵部隊36～48個と砲兵1個があれば、中国本土の侵攻を食い止めるのに十分です。浸透作戦の成果と合わせれば、中国本土の制圧は容易でしょう。歴史的AIをオフにすれば、中国が陣営に加わる可能性が高く、和平交渉が行われる前に降伏を迫られることになります。中国の工業力が自国の工業力に加算されるため、日本の海軍侵攻から海岸線を守るのは容易です。砲兵支援付きの民兵部隊12個編成テンプレートを作成し、十分な数を投入しましょう。

残るは日本だけです。空挺部隊と輸送機の研究を開始し、その間に北/北東の軍閥を排除することに集中し、その後朝鮮を征服します。あとは「慶尚」に飛行場を建設し、そこから日本本土に空挺降下するだけです。これには空軍は必要ありません。日本はしばしば空軍を飛ばさないか、少し待つ必要があります（または単にセーフをリロードします。制空権が記録されるまでゲーム内で数時間かかります）。空挺部隊は（いずれ）行きます。日本のAIも兵士で本土を適切に守らないので、軍隊を1つまたは複数の港で待機させておきます。空挺部隊が1つを占領したら、輸送して（迎撃されることを心配する必要はありません。海軍AIはNCNS以来死んでいるようです）、日本を降伏させます。中国と同様に、日本は基本的に和平交渉の前に降伏が見られることを確実にする派閥に参加/作成している可能性があります。",

The Winner takes it all,勝者の総取り,PRC,Medium,NCNS,中華ソビエト共和国（中華人民共和国）として、初期の中国の中核州をすべて領有・支配する。,,新疆がソ連の傀儡政権にならなければ、歴史モードで簡単に達成できます。この実績は占領だけでなく、自国のコア領土の所有権を必要とすることに注意してください。これは連合国との全面戦争につながる可能性もありますが、実際には中華人民共和国は占領国からこれらの条約港を要求するだけの国家方針を持っています。ツリーを使って民主主義に切り替え、正当化することで世界情勢を大きく悪化させなければ、彼らは簡単にそれらをあなたに譲り渡してくれるようです。,

Master Infiltrator,熟練の侵入者,PRC,Easy,NCNS,中華ソビエト共和国（中華人民共和国）として、初期の延安から拡張することなく、他の中国国家を攻撃するときに、5つ以上の州をこちら側に寝返らせる。,,"歴史的毛沢東ルートを選択し、歴史的フォーカスを有効にすれば、非常に簡単に達成できます。政治力（PP）を得られるアドバイザーをできるだけ多く雇いましょう。ただし、中国が日本に滅ぼされないように、十分な戦力を維持する必要があります。日本の占領下では、他国への浸透が不可能になり、浸透の進行状況もリセットされます。軍閥国家への浸透は避けた方が良いでしょう。軍閥と中国の両方が浸透を解除する決定を下すため、中国の他国に浸透するよりもはるかに早く解除されてしまいます。日本に勝利する必要すらありません。ツリーを十分に進めれば、統一戦線から離脱して独自の陣営を結成し、宣戦布告して実績をより早く獲得できます。

注：この実績はバグがある可能性があります。「満州国または再編成国民政府以外の中国国家と戦争状態にある」という条件を満たす必要があります。",

Its all coming together,すべてうまくいく,CHI,Medium,NCNS,中華民国として、自国の中核州を持つ軍閥を属国にするか併合する。,"ディズニーのアニメ映画『ラマになった王様』に出てくる憎めない悪役*4「クロンク」のセリフが元ネタ。
主人公を探す中で「主人公は農夫の馬車で逃げた」→「村を見つければ農夫も主人公もいるのでは!?」→「Oh Yeah, It's All Coming Together.（ああ、そうだ。全部うまくいきそうだ。）」の流れとなる。
アイコンはクロンクのドヤ顔を模した?介石。","必要な国家は、「目覚めと怒り」の達成に必要なすべての国家、すなわち中国、中華民国、すべての軍閥（新疆を含む）、満州国、チベットの蒙疆、カム（601）の初期領土、そして日本支配下にある3つの国家（台湾、東河北、大仁）に加え、3つの条約港（祁孔湾、マカオ、香港）です。朝鮮、モンゴル、チベットの残りの地域は必要ありません。すべての国家を完全に支配下に置く必要があります（いずれかの国家の1つの州でも支配していないと実績は解除されません）。そのため、条件を満たしていなくても、派閥マニフェストの達成率100%（76/76国家を支配）を達成できます。

運が良ければ、「沿岸都市の引き渡し要求」フォーカス（「当国」/非同盟フォーカスツリーのみ）を通じて、ヨーロッパの条約港を引き渡すことも可能です。承認される可能性を高めるには、彼らの派閥と戦争に参加し、彼らの評価を50以上に上げましょう。",

The Coast is Clear,誰もいない,CHI,Hard,NCNS,中華民国として、1945年9月2日までに初期の沿岸州を1つも失わない。,"1945年9月2日は、日本が降伏文書に署名した日。中華民国は翌9月3日を「対日戦争勝利記念日」としていた。これは中華人民共和国においても「抗日戦争勝利記念日」と称し、2015年に祝日と制定された。
「誰もいない OR 人目なし」を意味する言葉に海岸を意味する「Coast」が使われている理由は、海賊が蔓延っていた時代で接岸する際に敵の有無を確かめていたことから。",歴史的フォーカスをオフにすると最も簡単に実行できます。日本は北進論を唱える可能性があり、その結果、日本はあなたと不可侵条約を結び、代わりにソ連を攻撃することになります。「すべてうまくいく」と「鋼の兄弟」と組み合わせることもできますが、安全にプレイする必要があります。これは中国の初期の沿岸州のみであり、すべてのコアではないことに注意してください。そのため、後で征服する沿岸州を失っても問題ありません（ただし、青島は1つの州しかないため、誤って失う可能性が高いので注意してください）。,

A Fullmetal Brotherhood,鋼の兄弟,CHI,Medium,NCNS,ファシ化した中華民国で、鋼鉄、タングステン、クロムをそれぞれ300以上保有する。,"2009年に放送された『鋼の錬金術師 FULLMETAL ALCHEMIST』の英語名が""Fullmetal Alchemist Brotherhood""。これは2003年に放送された旧アニメ版の英語名""Fullmetal Alchemist""と区別するため。
Brotherhoodは「兄弟の絆」を意味する。
アイコンも『鋼の錬金術師』に出てくる錬金術版魔法陣の""錬成陣""に似ている。",中国はタングステンと鉄鋼を十分保有しており、需要を満たすことができる。クロムの確保は、今後課題となるだろう。,

Paradisus Paradoxum,矛盾の楽園,JAP,Medium,NCNS,日本でプレイして、浄土仏教による国家を宣言する。,"共産ルートに進み国家方針「新たな時代の門出」で労農派を勝たせ、NF「労農派の台頭」で荒畑寒村を指導者にする。
国家方針「無政府主義者との協力」で開放される政治顧問の「辻潤」
国家方針「仏教社会主義者の取り込み」で開放される政治顧問の「妹尾義郎*5」
2人を雇用した状態で国家方針「赤旗を高く掲げろ」のイベント「仏教社会主義の復興」で選択肢「これが我々の進み道だ！」を選択し指導者を「妹尾義郎」にする。
ここで解禁される隠し国家方針「一向一揆の精神を再生させる」と「浄仏国土の宣言」で実績達成。
『Re:ゼロから始める異世界生活』の後期オープニングテーマが元か
アイコンは法輪。
仏教の教えの数々がそれぞれ車輪を支える柱として存在し、車輪が回転するように人々を救い、また仏教が広まっていく様を例えた説法…が法輪の元となる話。
「浄仏国土」とは、穢れの無い仏や菩薩が住む清浄な国土を指す言葉。","装飾タグは「常備国道の宣言」フォーカスを完了すると設定されます。このフォーカスは非表示になっており、「仏教の復興」イベントでアンロックされます。「仏教の復興」イベントは、「赤旗を高く掲げよ」フォーカスをクリアし、かつカンソン・アラハタを国家指導者とし、ジュン・ツジとギロ・セノオを顧問として雇用している場合にのみ発生します。このイベントでは必ずギロ・セノオを選出してください。

カンソン・アラハタは「労働農民派の台頭」フォーカスイベントで選出され、ジュン・ツジは「無政府主義者との協力」フォーカスで、ギロ・セノオは「仏教社会主義の導入」フォーカスでアンロックされます。これら3つのフォーカスはいずれも、「新時代の幕開け」フォーカスイベントで労働農民派を選択する必要があります。

「ジョブブコクド宣言」を完了するには、ソル、北京、トンキンを征服するか、これらの国の支配者と同盟を結ぶ必要があります。",

An Equivalent Exchange,等価交換,JAP,Medium,NCNS,民主日本として、国家方針「外国為替配分政策」を完了し、ファシストドイツを降伏させる,"おそらく経済学や建築業界の用語「等価交換」から。
とはいえDLC「NCNS」のノリを考えると『鋼の錬金術師』の方か？
なお錬金術に「等価交換」を用いるのは『鋼の錬金術師』のオリジナル要素とされる。",降伏に関する実績はどれもそうですが、注意が必要です。たとえあなたがその国を占領している主要国であっても、戦勝点が高い別の敵国に「降伏」してしまうことがあります。通常、あなたが連合国側に加わる場合、ソ連が十分な戦勝点を獲得して、あなたから降伏を奪ってしまう可能性があります。ドイツを占領する前にソ連に宣戦布告し、それまでにできるだけ多くの戦勝点を稼ぐことをお勧めします。ドイツがファシスト国でなくなった場合はこの実績は獲得できないので、非史実的な設定では試さないでください。,

The Sun Will Never Set,旭日の沈まない国,JAP,Easy,NCNS,史実日本として、国家方針「不滅の帝国」を完了し、その中核州全てを支配する。,アイコンにもあるタコは風刺画で侵略する拡大国家としてよく使われ、日本も周囲を触手プレイで脅かす国として描かれた。,"通常の日本プレイでは、条件を満たしたら適切な国家方針を選択するだけで簡単に入手できます。この国家方針では、以下の地域に中核州が与えられます。

北サハリン

南鳥島

パラオ

カロリン諸島

マーシャル諸島

グアム

ハワイ

ミッドウェー島

ウェーク島

ジョンストン環礁

フェニックス島

ライン諸島

注意点：中核州を完全に支配下に置く必要があるため、中核州を持つ島々の列島すべてを占領するようにしてください。また、北サハリンを巡ってソ連と少なくとも短期間の戦争を行う必要があることにも注意してください。

ドイツが国家方針「東方旧植民地の交渉」を完了すると、日本に旧植民地（中核州を含む）の返還を要求してきます。必ず「いいえ」を選択してください。",

The Juannines,ファニネス,PHI,Medium,NCNS,フィリピンとして、スペインの全中核州を支配しフィリピンの中核州にする。,"国家方針「選挙結果が覆えされた」から始まるフィリピン王国ルートを進む。
国粋派スペインが勝った後に、国家方針「スペインとの和解」で解禁されるディシジョンから「相互援助条約」を提案し自陣営に入れる。
国家方針「フィリピン王国」でで解禁されるディシジョンから「統一を提案」しスペインを併合。
ディシジョンから共和派レジスタンスを鎮圧し中核化すると達成する。
なお史実勝者の国粋派を例に挙げたが、敵に回った無政府以外陣営（カルリスタと共和派）も提案を飲むときは飲む。
また陣営入りや統一を断られても「統合を強制」し中核化できる。
スペイン王アルフォンソ13世の息子「Juan（ファン）」と面白いの「Fun」を掛けている。","「選挙覆し」のヒスパニック系ルートを進んでください。その後、残りのヒスパニック系フォーカスを完了し、「ヒスパニック系への働きかけ」フォーカスを使ってヒスパニック諸国との交渉を進めてください。関係改善と外交圧力工作員の活用をお勧めします。「独立戦争」完了後、米国を1年間拘束して白紙和平イベントを発生させる必要があります。

次に、「フィリピン王国」フォーカスを選択し、派閥加盟国（この場合はスペイン）と統合してください。内戦のため、必要な服従レベルに達したら、スペインの半分を手動で中核州化する必要があります。",

Declare Military Emergency,軍事緊急事態の宣言,PHI,Very Easy,NCNS,フィリピンで軍事緊急事態を宣言する,"国家方針「アイゼンハワー警察署長」を完了した後に国家方針「ケソン暗殺」を完了させる。
ケソンが暗殺されるイベントでアイゼンハワーを介入させるとマッカーサーが「軍事緊急事態の宣言」を行い指導者就任、隠し国家方針が出現する。
イベントひとつひとつの感覚が大変長いのでバグと疑わないように。
現在マッカーサーが元首にならないバグが発生している。
アイコンはマッカーサーの愛用品であったコーンパイプ。","この実績を解除するには、「アイゼンハワー警察長官」のフォーカスを完了した後、「ケソン暗殺」のフォーカスを完了する必要があります。

暗殺イベントでは、「アイゼンハワー警察長官が介入」のオプションを選択してください。実績はマッカーサーが権力を掌握した後に解除されます。一連のイベントにはそれぞれ平均発生時間（MTTH）が設定されているため、暗殺フォーカスを取得してから実績が解除されるまでには時間がかかる場合があります。",

Cobalt Sea,コバルトの海,PHI,Medium,NCNS,フィリピンとして、潜水艦からの核ミサイル攻撃、または核融合ミサイル攻撃に成功する。,"上述の「軍事緊急事態の宣言」を行うと出現する隠し国家方針には核開発を支援するバフが多く用意されている。
海外のサイトではマッカーサールートは素の国力は増えないのでこちらではなく、中核州が増えるフィリピン王国ルートを推奨している。
マッカーサーが朝鮮戦争に対し「満州側の拠点に""原子爆弾を30～50発""投下して中ソの空軍を撃滅し、満州朝鮮沿いに""放射性コバルト""を散布し汚染で進軍させないようにする」計画が元ネタ。
朝鮮戦争が第3次世界大戦に発展することを危惧したトルーマンによって却下され、マッカーサーは指揮官の座を追われることになる。
アイコンはキノコ雲とマッカーサーの愛用品であったサングラス。","これを達成するには、「核ミサイル発射装置」モジュールを搭載した潜水艦（「核ミサイル潜水艦」プロジェクトでアンロック）と、少なくとも「中距離核ミサイル」（「核弾頭」プロジェクトでアンロック）が必要です。

これには、以下の特別プロジェクト（おおよそ順不同）の完了が必要です。

原子炉（物理学、ブレークスルー1）（約720日）

商用原子炉（物理学、ブレークスルー1）（約720日）

原子力エンジン（物理学、ブレークスルー1）（約510日）

巡洋潜水艦（海軍、ブレークスルー1）（約340日）

艦隊潜水艦（海軍、ブレークスルー1）（約510日）

原子力潜水艦（海軍、ブレークスルー3）（約1200日）

弾道ミサイル（空気力学、ブレークスルー3）（約480日）

ミサイル発射潜水艦（海軍、ブレークスルー2）（約510日）

原子力ミサイル潜水艦（海軍、ブレークスルー2）（約1440日）

核分裂爆弾プロジェクト（物理学、ブレークスルー1）（約720日）

弾道ミサイル（空気力学、ブレークスルー3）（約480日）

中距離弾道ミサイル（空気力学、ブレークスルー1）（約480日）

核弾頭（物理学、ブレークスルー1）（約720日）

必要なブレークスルー合計：物理学：5、海軍：9、空気力学：4

したがって、少なくとも空気力学、海軍、物理学の施設がそれぞれ1つずつ必要になります。ただし、エンジンと爆弾の両方を同時に開発できるように、物理学施設は少なくとも2つ設置することをお勧めします。海軍と空気力学のプロジェクトは互いに連携しているため、複数の施設はブレークスルーを増やすためにのみ使用されます。


ブレークスルーの達成にかかる時間を考慮しなくても、この実績を達成できるのは早くても1955年頃です。1940年に核理論の研究を開始し、1941年までかかります。その後、2基の原子炉とエンジンプロジェクトの研究を開始し、1946年半ば頃までかかります。そして、原子力潜水艦の開発に着手できます。これは1950年半ば頃に完了します。その後、原子力ミサイル潜水艦の開発にさらに4年間を費やす必要があります。

この実績を達成するための推奨ルートは2つあります。1つは研究ボーナスが得られる秘密のマッカーサー・ルート、もう1つは施設建設可能な中核領土が大幅に増加する「選挙覆し」ルートです。ブレークスルーがボトルネックになっている場合は、「選挙覆し」ルートの方が適しています。一方、マッカーサー・ルートでは核研究を2年早く開始でき、核関連特別プロジェクトへのスピードボーナスが得られます。ただし、完了する必要のあるプロジェクトの大部分は海軍関連のものであるため、これは全体的にそれほど役に立たない。",

The Neverending Story,はてしない物語,/ GXC / SHX / SIK / XSM / YUN / GDC / GSM / SIC / SND / KAN / XIC / NXM,Hard,NCNS,軍閥として、新たな中華帝国を宣言する,"共産化せず、国民党ルートか対立ルートに進み国家方針が切り替わった後に、中華帝国ルートを進めば達成できる。
ドイツの作家ミヒャエル・エンデの作品『はてしない物語』、およびそれを映画にした『ネバーエンディングストーリー』から。
余談だが、作者のミヒャエルが、映画のラストに納得がいかず訴訟を起こし、最終的にスタッフロールから作者の名前を削除させた話は割と有名。
アイコンは登場キャラである「幸運の白い竜""ファルコン""」","説明文には明記されていませんが、それぞれのフォーカスを取得した後、すべてのコアを完全に支配下に置く（ただし、所有する必要はない）必要があります。これは、連合国との戦争、そして場合によってはソ連との戦争（中国がソ連陣営に加わった場合、または新疆が統一に失敗した場合）を意味するため、難易度が大幅に上がります。あるいは、「沿岸都市の返還要求」フォーカスを取得して国境戦争を仕掛けるという方法もあります。

史実モードで広東派閥を選択し、広西派閥と共通のフォーカスツリーを進めてください。広西派閥と統一し、中国に対して譲歩してはいけません。中国は宣戦布告してきますが、1年間持ちこたえれば白紙和平に応じてくれます。反対派を選択し、CUFや対日戦争には参加せず、中国や軍閥との国境戦争を開始して、時間をかけて領土を奪っていくという方法もあります。反対派のフォーカスツリーの最後のフォーカスを取得すると、国家中国のフォーカスツリーに切り替わりますが、国境戦争のメカニズムはそのまま維持されます。日本が国境を接するようになると、日本はあなたに宣戦布告してきます。どの陣営にも加わらず、統一戦線と共に日本を押し返してください。あなたはどの陣営にも属しておらず、中国全土にコアを有しているため、あなたが征服した領土はすべてあなたの支配下に入り、中国の支配下には入りません。日本を押し返したら（AIが白紙和平を受け入れないため、日本は白紙和平に応じません）、統一戦線に宣戦布告し（この時点で中国は3分の2の州しか残っていないはずです）、降伏させてください。この時点で、香港、マカオ、広州湾を占領すれば、実績が解除されます。",

Genghis Khan't,チンギス・ハント,CHI / PRC / GXC / SHX / SIK / XSM / YUN / GDC / GSM / SIC / SND / KHM / MAN / XIC / NXM,Easy,NCNS,いずれかの中国国家か満州国でプレイして、モンゴルのすべての中核州を領有かつ支配する。,"アイコンはゴーストバスターズのロゴ風にされたチンギス・ハン。
ハン（Khan）と""できない""を意味する「can't」を掛けている。",通常の歴史ゲームでは、日本を追い出した後、枢軸国としてロシアを倒せば簡単に達成できます。しかし、非歴史ゲームでは驚くほど簡単にできます。ロシアが代替歴史ルート、特に帝政ロシアルートを選択した場合、モンゴルは陣営から離脱し、容易に征服できます。,

"I Have Avenged You, Father!",父上、貴方の仇を討ちました！,XIC,Hard,NCNS,張学良として奉天を奪還し、北洋政府を復活させる,"父上とは言わずもがな、関東軍によって爆殺された張作霖、なおアジアの汎用将軍に彼の顔が使用されている。
2022年に公開されたアメリカ映画『ノースマン 導かれし復讐者』にて、父上である王が王の弟によって殺害され、主人公が島から脱出した時のセリフ""I will avenge you, Father!""が元ネタか。",史実に忠実にプレイする必要はありません。日本が軍に反旗を翻すまでゲームをやり直してください。満州国が独立し、1対1で勝利できるようになります。,

Manifesting a Better Tomorrow,より良い明日へ,,Very Easy,NCNS,陣営マニフェスト達成率100%を達成する,,チェコスロバキアとしてプレイし、「我々独自の協商」フォーカスを完了することで、非常に簡単かつ迅速に完了できます。派閥はマニフェスト100%で開始します。,

Doctrine of Choice,選択の教義,,Easy,NCNS,同一分岐内の3つのサブドクトリンを完了する,陸軍のドクトリンで例えるなら、歩兵サブドクトリンのどれか3つを達成すればよい。,この説明はやや分かりにくいですが、実際に必要なのは、いずれかのサブドクトリンを完全に完了し、別のサブドクトリンに切り替えて、それを2回完了することです。（例：歩兵の「防御態勢」サブドクトリンを完全に完了し、次に突撃歩兵に切り替えるなど）。,

"I'm playing both sides, so I always come out on top",両方に味方している私は常に勝者だ,CZE,Very Easy,PfOT,内戦の両陣営に武器を売る。,"アメリカのコメディドラマ「フィラデルフィアは今日も晴れ（It's Always Sunny in Philadelphia）」のセリフ「I’m playing both sides, so that I always come out on top」が元ネタ。","この要素が有効になっている場合、チェコスロバキアが政策によって武器を販売できる国はスペインのみとなります。この要素が無効になっている場合、チェコスロバキアは「シュコダの事務所を拡大する」を完了し、地域事務所を建設した後、世界中のどの国にも武器を販売できるようになります。
チェコスロバキアとして最も簡単な方法は、「スペイン内戦の利益」を完了し、スペインに武器を販売することです。",

I didn't hear no bell,まだゴングは鳴ってないぞ,CZE,Hard,PfOT,民主主義チェコスロヴァキアで、ズデーテン地方を失い第二共和国となった後スロヴァキアに自治権を与え、その後ドイツを降伏させる。,"元ネタはアメリカのボクシング映画「ロッキー5/最後のドラマ」のセリフ、を社会風刺をネタにしたアメリカのアニメ「サウスパーク」がパロディしたもの。
主人公スタンが所属する野球チームの試合を観戦する父ランディ・マーシュ、相手チームの迷惑客と口論の末殴り合いに。
一度ノックアウトされるも息子らの声援もあり復活、相手を殴り飛ばし勝利する。
息子のチームは失格となり彼自身も逮捕されるが、息子チームは喜び「最高の父親だと」伝えるのであった。
","この装飾タグは、民主主義体制下にある場合にのみ、「共和国の崩壊」イベントチェーンを通じて獲得できます。

このイベントチェーンは、チェコスロバキアが同盟国に裏切られた後、ドイツが「ズデーテン地方の要求」フォーカスを通じてズデーテン地方を獲得すると開始されます。最初のイベントから6日後に2つ目のイベントが発動し、即座に国名が変更されます。そのイベントで「抜本的な変革が必要だ」という選択肢を選んだ場合、国名は「チェコ・スロバキア共和国」に変更されますが、これはイベントの即時効果により重複した変更となります。さらに、2つ目のイベントから14日後、3つ目のイベントが発生し、スロバキアを傀儡国家として解放するよう要求されます。スロバキアを解放すると、再び国名が変更されます（これも重複した変更となります）。

この実績を獲得するために実際にスロバキアを解放する必要はありませんが、スロバキアを戦争に巻き込まないことで緩衝国として活用するのは有用かもしれません。",https://hoi4.paradoxwikis.com/I_didn%27t_hear_no_bell

Premyslid's Dream,プシェミスル朝の夢,CZE,Medium,PfOT,君主主義チェコスロヴァキアとして、オーストリアと当時の支配地域の両方を統合する。,プシェミスル朝とは9世紀からチェコを支配していたチェコ人王朝、一時期ポーランド王も兼ねていたが13世紀に断絶した。,"「オッタカーの遺産」を達成するにはオーストリアを征服する必要があり、「ボヘミア王国」を達成するにはシレジアを領有する必要があります。

君主制路線を急いで進めましょう。歴史的事実を無視すれば、この実績の達成は容易になります。「シレジアの戦い」を完了させれば、上シレジアを征服した後、ドイツとの限定戦争を開始する選択肢が得られます。",

Kuťáci,クタチ,CZE,Easy,PfOT,チェコスロヴァキアで、すべての実験施設を建設する。,"元ネタはチェコスロヴァキアのストップモーションパペットアニメ「パットとマット」1話目の題名。現在の版権はチェコにある。
チェコ（スロヴァキア）語で「手先が器用な人たち」を意味する。
","実際に自分で施設を建設する必要はありません。

海軍施設を建設するには、沿岸の州を獲得する必要があります。",

First train home,始発で家に,CZE,Medium,PfOT,チェコスロヴァキアで、シベリア鉄道の全地域を領有する。,"元ネタは第一次世界大戦でオーストリア=ハンガリー帝国から独立を目指すチェコスロヴァキア人が義勇軍として参加した「チェコスロバキア軍団」か。
ロシア内戦が発生し東部戦線に取り残された彼らは、西部戦線に移動するためウラジオストクからの脱出を図り、シベリア鉄道で移動を開始するも赤軍と対立が激化し白軍と協力、最終的に第一次世界大戦終戦後の1920年に脱出を完了した。
この時「赤軍よりチェコスロバキア軍団を救出する」という名目で白軍を支援するため、日本軍を中心とした「シベリア出兵」が行われることとなる。
",歴史的背景を無視したソビエト連邦は、通常、はるかに弱体化している。,

Ain't like that now,今はそうじゃない,CZE,Easy,PfOT,ファシストのチェコスロヴァキアでNF「民主主義への回帰」を完了する。,"元ネタはゲーム「Fallout: New Vegas」で取得できるPerk (特性)、遡ればクリント・イーストウッド主演の西部劇「許されざる者」のセリフとなる。
Falloutではカルマと呼ばれる善悪システムがあり、悪～凶悪だと取得でき、即座にカルマが中立になる。 
またアイコンが黒いカウボーイハットを捨て、白いカウボーイハットにかぶりなおしているが、これは西部劇において黒帽子は悪人、白帽子は善人と表現していたから。
実績画像でも、ファシストを表す斧を捨て、制帽をかぶりなおしている。
西部劇「許されざる者」では、凶悪犯であったが改心しひっそりと農家暮らしをする主人公が、過去のことを聞かれるたびにこのセリフを返している。
","「民主主義への回帰」というフォーカスの前提条件の一つとして、世界緊張度が20％を超えた時点で、すべての隣国が民主主義国家、非同盟国（かつ世界緊張度への寄与が5％未満）、または自陣営に属している必要があります。非歴史的AIの場合、ドイツが民主主義国家となり、世界緊張度が20％未満に抑えられれば、ドイツとの戦争を完全に回避することが可能です。

歴史的AIでは、「急速再軍備の開始」を優先し、その後ファシスト路線を進む。軍事工場のみを建設し、戦闘機を十分に生産するようにする。「ローマ協定の拡大」フォーカスを1937年末までに完了させ、オーストリアを自陣営に招き入れ、アンシュルス（併合）を防ぐ。一旦「分裂国家」の精神がなくなれば、「ドイツに対する結集」フォーカスにより、「広範な徴兵制」を無料で獲得できる。フォーカス「強きポーランド」を達成すれば有力な同盟国が得られ、「強きハンガリーの育成」を達成すれば、ハンガリーを傀儡化した際に産業ボーナスが得られる。ルーマニアは、傀儡化イベントを拒否した場合に撃破が難しくなるため、選択は任意だ。

ミュンヘン会談を拒否した後、ドイツから攻撃を受けた際は、国境を守りつつ、戦闘機と対空砲でチェコスロバキア上空のドイツ軍戦闘機や爆撃機を撃墜し続けましょう。余剰部隊がある場合は、ポーランドが東プロイセンの飛び地を早期に制圧できるよう支援することで、同盟への圧力をいくらか軽減できます。ドイツ空軍が十分に壊滅したら、進軍してドイツを降伏させましょう。ドイツの周辺国が民主主義国か同盟国である場合、ドイツを傀儡国家化または併合することができる。1941年になり、平和状態にある場合は、「民主主義への回帰」というフォーカスを達成できる。この時点でルーマニアがファシスト国家であるか、または自陣営に属していない場合は、「ハンガリーの領土要求でルーマニアに圧力をかける」を達成し、ルーマニアが「民主主義への回帰」の前提条件を満たすようにする。",

Czechoslovaustrohungarian Union,チェコスロヴァキア・オーストリア・ハンガリー連合,CZE,Easy,PfOT,共産主義チェコスロヴァキアでNF「連合の拡大」を完了し、オーストリアとハンガリーをその連合に加盟させる。,,オーストリア/ハンガリーがあなたの傀儡になることを拒否した場合は、攻撃して手動で傀儡化してください。彼らがあなたの属国になれば、決定を通じて国民精神を与えることができます。,

